attempt_number,student_1,student_2,jaccard_similarity,shared_question_count
1,cms5hzr64000104l866r5zbw0,cms5i0htd000404l8l6kmtilt,0.36363636363636365,8
1,cms5hzr64000104l866r5zbw0,cms5i0i0l000504l8ulbsjfmz,0.36363636363636365,8
1,cms5hzr64000104l866r5zbw0,cms5i0n84000a04l800qcezwm,0.25,6
1,cms5hzr64000104l866r5zbw0,cms5i0s69000d04l8pqx4e1xz,0.2,5
1,cms5hzr64000104l866r5zbw0,cms5i0xtg000g04l8guihaayb,0.1111111111111111,3
1,cms5hzr64000104l866r5zbw0,cms5i0ycl000h04l8k13pj7wf,0.15384615384615385,4
1,cms5hzr64000104l866r5zbw0,cms5i12ba000m04l84zvvwe8a,0.25,6
1,cms5hzr64000104l866r5zbw0,cms5i13fu000n04l8zz761b93,0.30434782608695654,7
1,cms5hzr64000104l866r5zbw0,cms5i15pl000s04l8ve7f2ny2,0.30434782608695654,7
1,cms5hzr64000104l866r5zbw0,cms5i16am000u04l82pevy8j7,0.25,6
1,cms5hzr64000104l866r5zbw0,cms5i1705000w04l87z5jgm6s,0.15384615384615385,4
1,cms5hzr64000104l866r5zbw0,cms5i17d9000z04l8bgrrriw5,0.2,5
1,cms5hzr64000104l866r5zbw0,cms5i18n7001404l8gd04sbq9,0.2,5
1,cms5hzr64000104l866r5zbw0,cms5i19v2001b04l8b818dzbg,0.30434782608695654,7
1,cms5hzr64000104l866r5zbw0,cms5i1ca6001g04l8916s8gz9,0.2,5
1,cms5hzr64000104l866r5zbw0,cms5i1fbl001j04l8vzqcbizv,0.15384615384615385,4
1,cms5hzr64000104l866r5zbw0,cms5i1gyb001k04l8yjbhgjbm,0.07142857142857142,2
1,cms5hzr64000104l866r5zbw0,cms5i1q6s001q04l8sp02rweo,0.2,5
1,cms5hzr64000104l866r5zbw0,cms5i1rru001r04l8qrq0kv2e,0.15384615384615385,4
1,cms5hzr64000104l866r5zbw0,cms5i1rxu001s04l83phibj5t,0.1111111111111111,3
1,cms5hzr64000104l866r5zbw0,cms5i1sx9000004l7c04yn542,0.15384615384615385,4
1,cms5hzr64000104l866r5zbw0,cms5i1uwy000304l78n162cig,0.07142857142857142,2
1,cms5hzr64000104l866r5zbw0,cms5i211d000a04l7qp7qz0vt,0.25,6
1,cms5hzr64000104l866r5zbw0,cms5i290v000d04l7ph0uhsaj,0.1111111111111111,3
1,cms5hzr64000104l866r5zbw0,cms5i2ed9000h04l7qs93woua,0.15384615384615385,4
1,cms5hzr64000104l866r5zbw0,cms5i2ic6000n04l7d0j6wq97,0.15384615384615385,4
1,cms5hzr64000104l866r5zbw0,cms5i3a48002b04l8kkccthvp,0.15384615384615385,4
1,cms5hzr64000104l866r5zbw0,cms5i3l29002e04l8zapret3g,0.30434782608695654,7
1,cms5hzr64000104l866r5zbw0,cms5i4obd002r04l8hjv9nfek,0.25,6
1,cms5hzr64000104l866r5zbw0,cms5i536g002304l7n0vi202e,0.15384615384615385,4
1,cms5hzr64000104l866r5zbw0,cms5ieh9k00wy04l2jkuo7u5i,0.1111111111111111,3
1,cms5hzr64000104l866r5zbw0,cms5isyrs008q04l2z6st65hm,0.15384615384615385,4
1,cms5hzr64000104l866r5zbw0,cms5jnhm900sn04l243j3kmzd,0.15384615384615385,4
1,cms5hzr64000104l866r5zbw0,cms5jpof300t404l2xesqywv4,0.25,6
1,cms5i0htd000404l8l6kmtilt,cms5i0i0l000504l8ulbsjfmz,0.2,5
1,cms5i0htd000404l8l6kmtilt,cms5i0n84000a04l800qcezwm,0.2,5
1,cms5i0htd000404l8l6kmtilt,cms5i0s69000d04l8pqx4e1xz,0.25,6
1,cms5i0htd000404l8l6kmtilt,cms5i0xtg000g04l8guihaayb,0.15384615384615385,4
1,cms5i0htd000404l8l6kmtilt,cms5i0ycl000h04l8k13pj7wf,0.36363636363636365,8
1,cms5i0htd000404l8l6kmtilt,cms5i12ba000m04l84zvvwe8a,0.15384615384615385,4
1,cms5i0htd000404l8l6kmtilt,cms5i13fu000n04l8zz761b93,0.15384615384615385,4
1,cms5i0htd000404l8l6kmtilt,cms5i15pl000s04l8ve7f2ny2,0.2,5
1,cms5i0htd000404l8l6kmtilt,cms5i16am000u04l82pevy8j7,0.36363636363636365,8
1,cms5i0htd000404l8l6kmtilt,cms5i1705000w04l87z5jgm6s,0.1111111111111111,3
1,cms5i0htd000404l8l6kmtilt,cms5i17d9000z04l8bgrrriw5,0.30434782608695654,7
1,cms5i0htd000404l8l6kmtilt,cms5i18n7001404l8gd04sbq9,0.25,6
1,cms5i0htd000404l8l6kmtilt,cms5i19v2001b04l8b818dzbg,0.30434782608695654,7
1,cms5i0htd000404l8l6kmtilt,cms5i1ca6001g04l8916s8gz9,0.42857142857142855,9
1,cms5i0htd000404l8l6kmtilt,cms5i1fbl001j04l8vzqcbizv,0.15384615384615385,4
1,cms5i0htd000404l8l6kmtilt,cms5i1gyb001k04l8yjbhgjbm,0.1111111111111111,3
1,cms5i0htd000404l8l6kmtilt,cms5i1q6s001q04l8sp02rweo,0.30434782608695654,7
1,cms5i0htd000404l8l6kmtilt,cms5i1rru001r04l8qrq0kv2e,0.25,6
1,cms5i0htd000404l8l6kmtilt,cms5i1rxu001s04l83phibj5t,0.25,6
1,cms5i0htd000404l8l6kmtilt,cms5i1sx9000004l7c04yn542,0.1111111111111111,3
1,cms5i0htd000404l8l6kmtilt,cms5i1uwy000304l78n162cig,0.2,5
1,cms5i0htd000404l8l6kmtilt,cms5i211d000a04l7qp7qz0vt,0.1111111111111111,3
1,cms5i0htd000404l8l6kmtilt,cms5i290v000d04l7ph0uhsaj,0.2,5
1,cms5i0htd000404l8l6kmtilt,cms5i2ed9000h04l7qs93woua,0.15384615384615385,4
1,cms5i0htd000404l8l6kmtilt,cms5i2ic6000n04l7d0j6wq97,0.1111111111111111,3
1,cms5i0htd000404l8l6kmtilt,cms5i3a48002b04l8kkccthvp,0.25,6
1,cms5i0htd000404l8l6kmtilt,cms5i3l29002e04l8zapret3g,0.2,5
1,cms5i0htd000404l8l6kmtilt,cms5i4obd002r04l8hjv9nfek,0.25,6
1,cms5i0htd000404l8l6kmtilt,cms5i536g002304l7n0vi202e,0.1111111111111111,3
1,cms5i0htd000404l8l6kmtilt,cms5ieh9k00wy04l2jkuo7u5i,0.15384615384615385,4
1,cms5i0htd000404l8l6kmtilt,cms5isyrs008q04l2z6st65hm,0.1111111111111111,3
1,cms5i0htd000404l8l6kmtilt,cms5jnhm900sn04l243j3kmzd,0.25,6
1,cms5i0htd000404l8l6kmtilt,cms5jpof300t404l2xesqywv4,0.2,5
1,cms5i0i0l000504l8ulbsjfmz,cms5i0n84000a04l800qcezwm,0.36363636363636365,8
1,cms5i0i0l000504l8ulbsjfmz,cms5i0s69000d04l8pqx4e1xz,0.30434782608695654,7
1,cms5i0i0l000504l8ulbsjfmz,cms5i0xtg000g04l8guihaayb,0.30434782608695654,7
1,cms5i0i0l000504l8ulbsjfmz,cms5i0ycl000h04l8k13pj7wf,0.30434782608695654,7
1,cms5i0i0l000504l8ulbsjfmz,cms5i12ba000m04l84zvvwe8a,0.36363636363636365,8
1,cms5i0i0l000504l8ulbsjfmz,cms5i13fu000n04l8zz761b93,0.36363636363636365,8
1,cms5i0i0l000504l8ulbsjfmz,cms5i15pl000s04l8ve7f2ny2,0.25,6
1,cms5i0i0l000504l8ulbsjfmz,cms5i16am000u04l82pevy8j7,0.30434782608695654,7
1,cms5i0i0l000504l8ulbsjfmz,cms5i1705000w04l87z5jgm6s,0.2,5
1,cms5i0i0l000504l8ulbsjfmz,cms5i17d9000z04l8bgrrriw5,0.1111111111111111,3
1,cms5i0i0l000504l8ulbsjfmz,cms5i18n7001404l8gd04sbq9,0.25,6
1,cms5i0i0l000504l8ulbsjfmz,cms5i19v2001b04l8b818dzbg,0.25,6
1,cms5i0i0l000504l8ulbsjfmz,cms5i1ca6001g04l8916s8gz9,0.30434782608695654,7
1,cms5i0i0l000504l8ulbsjfmz,cms5i1fbl001j04l8vzqcbizv,0.2,5
1,cms5i0i0l000504l8ulbsjfmz,cms5i1gyb001k04l8yjbhgjbm,0.1111111111111111,3
1,cms5i0i0l000504l8ulbsjfmz,cms5i1q6s001q04l8sp02rweo,0.25,6
1,cms5i0i0l000504l8ulbsjfmz,cms5i1rru001r04l8qrq0kv2e,0.30434782608695654,7
1,cms5i0i0l000504l8ulbsjfmz,cms5i1rxu001s04l83phibj5t,0.15384615384615385,4
1,cms5i0i0l000504l8ulbsjfmz,cms5i1sx9000004l7c04yn542,0.36363636363636365,8
1,cms5i0i0l000504l8ulbsjfmz,cms5i1uwy000304l78n162cig,0.15384615384615385,4
1,cms5i0i0l000504l8ulbsjfmz,cms5i211d000a04l7qp7qz0vt,0.42857142857142855,9
1,cms5i0i0l000504l8ulbsjfmz,cms5i290v000d04l7ph0uhsaj,0.30434782608695654,7
1,cms5i0i0l000504l8ulbsjfmz,cms5i2ed9000h04l7qs93woua,0.30434782608695654,7
1,cms5i0i0l000504l8ulbsjfmz,cms5i2ic6000n04l7d0j6wq97,0.25,6
1,cms5i0i0l000504l8ulbsjfmz,cms5i3a48002b04l8kkccthvp,0.30434782608695654,7
1,cms5i0i0l000504l8ulbsjfmz,cms5i3l29002e04l8zapret3g,0.25,6
1,cms5i0i0l000504l8ulbsjfmz,cms5i4obd002r04l8hjv9nfek,0.30434782608695654,7
1,cms5i0i0l000504l8ulbsjfmz,cms5i536g002304l7n0vi202e,0.30434782608695654,7
1,cms5i0i0l000504l8ulbsjfmz,cms5ieh9k00wy04l2jkuo7u5i,0.15384615384615385,4
1,cms5i0i0l000504l8ulbsjfmz,cms5isyrs008q04l2z6st65hm,0.15384615384615385,4
1,cms5i0i0l000504l8ulbsjfmz,cms5jnhm900sn04l243j3kmzd,0.5,10
1,cms5i0i0l000504l8ulbsjfmz,cms5jpof300t404l2xesqywv4,0.25,6
1,cms5i0n84000a04l800qcezwm,cms5i0s69000d04l8pqx4e1xz,0.15384615384615385,4
1,cms5i0n84000a04l800qcezwm,cms5i0xtg000g04l8guihaayb,0.2,5
1,cms5i0n84000a04l800qcezwm,cms5i0ycl000h04l8k13pj7wf,0.30434782608695654,7
1,cms5i0n84000a04l800qcezwm,cms5i12ba000m04l84zvvwe8a,0.30434782608695654,7
1,cms5i0n84000a04l800qcezwm,cms5i13fu000n04l8zz761b93,0.30434782608695654,7
1,cms5i0n84000a04l800qcezwm,cms5i15pl000s04l8ve7f2ny2,0.15384615384615385,4
1,cms5i0n84000a04l800qcezwm,cms5i16am000u04l82pevy8j7,0.5,10
1,cms5i0n84000a04l800qcezwm,cms5i1705000w04l87z5jgm6s,0.25,6
1,cms5i0n84000a04l800qcezwm,cms5i17d9000z04l8bgrrriw5,0.1111111111111111,3
1,cms5i0n84000a04l800qcezwm,cms5i18n7001404l8gd04sbq9,0.36363636363636365,8
1,cms5i0n84000a04l800qcezwm,cms5i19v2001b04l8b818dzbg,0.36363636363636365,8
1,cms5i0n84000a04l800qcezwm,cms5i1ca6001g04l8916s8gz9,0.2,5
1,cms5i0n84000a04l800qcezwm,cms5i1fbl001j04l8vzqcbizv,0.30434782608695654,7
1,cms5i0n84000a04l800qcezwm,cms5i1gyb001k04l8yjbhgjbm,0.034482758620689655,1
1,cms5i0n84000a04l800qcezwm,cms5i1q6s001q04l8sp02rweo,0.25,6
1,cms5i0n84000a04l800qcezwm,cms5i1rru001r04l8qrq0kv2e,0.2,5
1,cms5i0n84000a04l800qcezwm,cms5i1rxu001s04l83phibj5t,0.2,5
1,cms5i0n84000a04l800qcezwm,cms5i1sx9000004l7c04yn542,0.30434782608695654,7
1,cms5i0n84000a04l800qcezwm,cms5i1uwy000304l78n162cig,0.15384615384615385,4
1,cms5i0n84000a04l800qcezwm,cms5i211d000a04l7qp7qz0vt,0.25,6
1,cms5i0n84000a04l800qcezwm,cms5i290v000d04l7ph0uhsaj,0.2,5
1,cms5i0n84000a04l800qcezwm,cms5i2ed9000h04l7qs93woua,0.1111111111111111,3
1,cms5i0n84000a04l800qcezwm,cms5i2ic6000n04l7d0j6wq97,0.1111111111111111,3
1,cms5i0n84000a04l800qcezwm,cms5i3a48002b04l8kkccthvp,0.2,5
1,cms5i0n84000a04l800qcezwm,cms5i3l29002e04l8zapret3g,0.25,6
1,cms5i0n84000a04l800qcezwm,cms5i4obd002r04l8hjv9nfek,0.30434782608695654,7
1,cms5i0n84000a04l800qcezwm,cms5i536g002304l7n0vi202e,0.2,5
1,cms5i0n84000a04l800qcezwm,cms5ieh9k00wy04l2jkuo7u5i,0.07142857142857142,2
1,cms5i0n84000a04l800qcezwm,cms5isyrs008q04l2z6st65hm,0.25,6
1,cms5i0n84000a04l800qcezwm,cms5jnhm900sn04l243j3kmzd,0.36363636363636365,8
1,cms5i0n84000a04l800qcezwm,cms5jpof300t404l2xesqywv4,0.15384615384615385,4
1,cms5i0s69000d04l8pqx4e1xz,cms5i0xtg000g04l8guihaayb,0.15384615384615385,4
1,cms5i0s69000d04l8pqx4e1xz,cms5i0ycl000h04l8k13pj7wf,0.2,5
1,cms5i0s69000d04l8pqx4e1xz,cms5i12ba000m04l84zvvwe8a,0.1111111111111111,3
1,cms5i0s69000d04l8pqx4e1xz,cms5i13fu000n04l8zz761b93,0.1111111111111111,3
1,cms5i0s69000d04l8pqx4e1xz,cms5i15pl000s04l8ve7f2ny2,0.15384615384615385,4
1,cms5i0s69000d04l8pqx4e1xz,cms5i16am000u04l82pevy8j7,0.2,5
1,cms5i0s69000d04l8pqx4e1xz,cms5i1705000w04l87z5jgm6s,0.1111111111111111,3
1,cms5i0s69000d04l8pqx4e1xz,cms5i17d9000z04l8bgrrriw5,0.1111111111111111,3
1,cms5i0s69000d04l8pqx4e1xz,cms5i18n7001404l8gd04sbq9,0.2,5
1,cms5i0s69000d04l8pqx4e1xz,cms5i19v2001b04l8b818dzbg,0.2,5
1,cms5i0s69000d04l8pqx4e1xz,cms5i1ca6001g04l8916s8gz9,0.36363636363636365,8
1,cms5i0s69000d04l8pqx4e1xz,cms5i1fbl001j04l8vzqcbizv,0.2,5
1,cms5i0s69000d04l8pqx4e1xz,cms5i1gyb001k04l8yjbhgjbm,0.15384615384615385,4
1,cms5i0s69000d04l8pqx4e1xz,cms5i1q6s001q04l8sp02rweo,0.07142857142857142,2
1,cms5i0s69000d04l8pqx4e1xz,cms5i1rru001r04l8qrq0kv2e,0.2,5
1,cms5i0s69000d04l8pqx4e1xz,cms5i1rxu001s04l83phibj5t,0.07142857142857142,2
1,cms5i0s69000d04l8pqx4e1xz,cms5i1sx9000004l7c04yn542,0.1111111111111111,3
1,cms5i0s69000d04l8pqx4e1xz,cms5i1uwy000304l78n162cig,0.1111111111111111,3
1,cms5i0s69000d04l8pqx4e1xz,cms5i211d000a04l7qp7qz0vt,0.07142857142857142,2
1,cms5i0s69000d04l8pqx4e1xz,cms5i290v000d04l7ph0uhsaj,0.2,5
1,cms5i0s69000d04l8pqx4e1xz,cms5i2ed9000h04l7qs93woua,0.15384615384615385,4
1,cms5i0s69000d04l8pqx4e1xz,cms5i2ic6000n04l7d0j6wq97,0.15384615384615385,4
1,cms5i0s69000d04l8pqx4e1xz,cms5i3a48002b04l8kkccthvp,0.15384615384615385,4
1,cms5i0s69000d04l8pqx4e1xz,cms5i3l29002e04l8zapret3g,0.15384615384615385,4
1,cms5i0s69000d04l8pqx4e1xz,cms5i4obd002r04l8hjv9nfek,0.30434782608695654,7
1,cms5i0s69000d04l8pqx4e1xz,cms5i536g002304l7n0vi202e,0.25,6
1,cms5i0s69000d04l8pqx4e1xz,cms5ieh9k00wy04l2jkuo7u5i,0.15384615384615385,4
1,cms5i0s69000d04l8pqx4e1xz,cms5isyrs008q04l2z6st65hm,0.1111111111111111,3
1,cms5i0s69000d04l8pqx4e1xz,cms5jnhm900sn04l243j3kmzd,0.2,5
1,cms5i0s69000d04l8pqx4e1xz,cms5jpof300t404l2xesqywv4,0.15384615384615385,4
1,cms5i0xtg000g04l8guihaayb,cms5i0ycl000h04l8k13pj7wf,0.25,6
1,cms5i0xtg000g04l8guihaayb,cms5i12ba000m04l84zvvwe8a,0.15384615384615385,4
1,cms5i0xtg000g04l8guihaayb,cms5i13fu000n04l8zz761b93,0.15384615384615385,4
1,cms5i0xtg000g04l8guihaayb,cms5i15pl000s04l8ve7f2ny2,0.07142857142857142,2
1,cms5i0xtg000g04l8guihaayb,cms5i16am000u04l82pevy8j7,0.30434782608695654,7
1,cms5i0xtg000g04l8guihaayb,cms5i1705000w04l87z5jgm6s,0.30434782608695654,7
1,cms5i0xtg000g04l8guihaayb,cms5i17d9000z04l8bgrrriw5,0.1111111111111111,3
1,cms5i0xtg000g04l8guihaayb,cms5i18n7001404l8gd04sbq9,0.15384615384615385,4
1,cms5i0xtg000g04l8guihaayb,cms5i19v2001b04l8b818dzbg,0.15384615384615385,4
1,cms5i0xtg000g04l8guihaayb,cms5i1ca6001g04l8916s8gz9,0.25,6
1,cms5i0xtg000g04l8guihaayb,cms5i1fbl001j04l8vzqcbizv,0.30434782608695654,7
1,cms5i0xtg000g04l8guihaayb,cms5i1gyb001k04l8yjbhgjbm,0.07142857142857142,2
1,cms5i0xtg000g04l8guihaayb,cms5i1q6s001q04l8sp02rweo,0.2,5
1,cms5i0xtg000g04l8guihaayb,cms5i1rru001r04l8qrq0kv2e,0.2,5
1,cms5i0xtg000g04l8guihaayb,cms5i1rxu001s04l83phibj5t,0.15384615384615385,4
1,cms5i0xtg000g04l8guihaayb,cms5i1sx9000004l7c04yn542,0.42857142857142855,9
1,cms5i0xtg000g04l8guihaayb,cms5i1uwy000304l78n162cig,0.15384615384615385,4
1,cms5i0xtg000g04l8guihaayb,cms5i211d000a04l7qp7qz0vt,0.25,6
1,cms5i0xtg000g04l8guihaayb,cms5i290v000d04l7ph0uhsaj,0.2,5
1,cms5i0xtg000g04l8guihaayb,cms5i2ed9000h04l7qs93woua,0.30434782608695654,7
1,cms5i0xtg000g04l8guihaayb,cms5i2ic6000n04l7d0j6wq97,0.25,6
1,cms5i0xtg000g04l8guihaayb,cms5i3a48002b04l8kkccthvp,0.25,6
1,cms5i0xtg000g04l8guihaayb,cms5i3l29002e04l8zapret3g,0.2,5
1,cms5i0xtg000g04l8guihaayb,cms5i4obd002r04l8hjv9nfek,0.25,6
1,cms5i0xtg000g04l8guihaayb,cms5i536g002304l7n0vi202e,0.25,6
1,cms5i0xtg000g04l8guihaayb,cms5ieh9k00wy04l2jkuo7u5i,0.2,5
1,cms5i0xtg000g04l8guihaayb,cms5isyrs008q04l2z6st65hm,0.07142857142857142,2
1,cms5i0xtg000g04l8guihaayb,cms5jnhm900sn04l243j3kmzd,0.30434782608695654,7
1,cms5i0xtg000g04l8guihaayb,cms5jpof300t404l2xesqywv4,0.1111111111111111,3
1,cms5i0ycl000h04l8k13pj7wf,cms5i12ba000m04l84zvvwe8a,0.25,6
1,cms5i0ycl000h04l8k13pj7wf,cms5i13fu000n04l8zz761b93,0.15384615384615385,4
1,cms5i0ycl000h04l8k13pj7wf,cms5i15pl000s04l8ve7f2ny2,0.2,5
1,cms5i0ycl000h04l8k13pj7wf,cms5i16am000u04l82pevy8j7,0.30434782608695654,7
1,cms5i0ycl000h04l8k13pj7wf,cms5i1705000w04l87z5jgm6s,0.25,6
1,cms5i0ycl000h04l8k13pj7wf,cms5i17d9000z04l8bgrrriw5,0.25,6
1,cms5i0ycl000h04l8k13pj7wf,cms5i18n7001404l8gd04sbq9,0.25,6
1,cms5i0ycl000h04l8k13pj7wf,cms5i19v2001b04l8b818dzbg,0.30434782608695654,7
1,cms5i0ycl000h04l8k13pj7wf,cms5i1ca6001g04l8916s8gz9,0.36363636363636365,8
1,cms5i0ycl000h04l8k13pj7wf,cms5i1fbl001j04l8vzqcbizv,0.25,6
1,cms5i0ycl000h04l8k13pj7wf,cms5i1gyb001k04l8yjbhgjbm,0.15384615384615385,4
1,cms5i0ycl000h04l8k13pj7wf,cms5i1q6s001q04l8sp02rweo,0.2,5
1,cms5i0ycl000h04l8k13pj7wf,cms5i1rru001r04l8qrq0kv2e,0.25,6
1,cms5i0ycl000h04l8k13pj7wf,cms5i1rxu001s04l83phibj5t,0.30434782608695654,7
1,cms5i0ycl000h04l8k13pj7wf,cms5i1sx9000004l7c04yn542,0.25,6
1,cms5i0ycl000h04l8k13pj7wf,cms5i1uwy000304l78n162cig,0.30434782608695654,7
1,cms5i0ycl000h04l8k13pj7wf,cms5i211d000a04l7qp7qz0vt,0.15384615384615385,4
1,cms5i0ycl000h04l8k13pj7wf,cms5i290v000d04l7ph0uhsaj,0.2,5
1,cms5i0ycl000h04l8k13pj7wf,cms5i2ed9000h04l7qs93woua,0.2,5
1,cms5i0ycl000h04l8k13pj7wf,cms5i2ic6000n04l7d0j6wq97,0.15384615384615385,4
1,cms5i0ycl000h04l8k13pj7wf,cms5i3a48002b04l8kkccthvp,0.25,6
1,cms5i0ycl000h04l8k13pj7wf,cms5i3l29002e04l8zapret3g,0.15384615384615385,4
1,cms5i0ycl000h04l8k13pj7wf,cms5i4obd002r04l8hjv9nfek,0.25,6
1,cms5i0ycl000h04l8k13pj7wf,cms5i536g002304l7n0vi202e,0.25,6
1,cms5i0ycl000h04l8k13pj7wf,cms5ieh9k00wy04l2jkuo7u5i,0.15384615384615385,4
1,cms5i0ycl000h04l8k13pj7wf,cms5isyrs008q04l2z6st65hm,0.15384615384615385,4
1,cms5i0ycl000h04l8k13pj7wf,cms5jnhm900sn04l243j3kmzd,0.36363636363636365,8
1,cms5i0ycl000h04l8k13pj7wf,cms5jpof300t404l2xesqywv4,0.2,5
1,cms5i12ba000m04l84zvvwe8a,cms5i13fu000n04l8zz761b93,0.2,5
1,cms5i12ba000m04l84zvvwe8a,cms5i15pl000s04l8ve7f2ny2,0.30434782608695654,7
1,cms5i12ba000m04l84zvvwe8a,cms5i16am000u04l82pevy8j7,0.30434782608695654,7
1,cms5i12ba000m04l84zvvwe8a,cms5i1705000w04l87z5jgm6s,0.30434782608695654,7
1,cms5i12ba000m04l84zvvwe8a,cms5i17d9000z04l8bgrrriw5,0.2,5
1,cms5i12ba000m04l84zvvwe8a,cms5i18n7001404l8gd04sbq9,0.15384615384615385,4
1,cms5i12ba000m04l84zvvwe8a,cms5i19v2001b04l8b818dzbg,0.25,6
1,cms5i12ba000m04l84zvvwe8a,cms5i1ca6001g04l8916s8gz9,0.15384615384615385,4
1,cms5i12ba000m04l84zvvwe8a,cms5i1fbl001j04l8vzqcbizv,0.25,6
1,cms5i12ba000m04l84zvvwe8a,cms5i1gyb001k04l8yjbhgjbm,0.07142857142857142,2
1,cms5i12ba000m04l84zvvwe8a,cms5i1q6s001q04l8sp02rweo,0.15384615384615385,4
1,cms5i12ba000m04l84zvvwe8a,cms5i1rru001r04l8qrq0kv2e,0.1111111111111111,3
1,cms5i12ba000m04l84zvvwe8a,cms5i1rxu001s04l83phibj5t,0.25,6
1,cms5i12ba000m04l84zvvwe8a,cms5i1sx9000004l7c04yn542,0.36363636363636365,8
1,cms5i12ba000m04l84zvvwe8a,cms5i1uwy000304l78n162cig,0.15384615384615385,4
1,cms5i12ba000m04l84zvvwe8a,cms5i211d000a04l7qp7qz0vt,0.30434782608695654,7
1,cms5i12ba000m04l84zvvwe8a,cms5i290v000d04l7ph0uhsaj,0.2,5
1,cms5i12ba000m04l84zvvwe8a,cms5i2ed9000h04l7qs93woua,0.25,6
1,cms5i12ba000m04l84zvvwe8a,cms5i2ic6000n04l7d0j6wq97,0.15384615384615385,4
1,cms5i12ba000m04l84zvvwe8a,cms5i3a48002b04l8kkccthvp,0.25,6
1,cms5i12ba000m04l84zvvwe8a,cms5i3l29002e04l8zapret3g,0.15384615384615385,4
1,cms5i12ba000m04l84zvvwe8a,cms5i4obd002r04l8hjv9nfek,0.15384615384615385,4
1,cms5i12ba000m04l84zvvwe8a,cms5i536g002304l7n0vi202e,0.2,5
1,cms5i12ba000m04l84zvvwe8a,cms5ieh9k00wy04l2jkuo7u5i,0.25,6
1,cms5i12ba000m04l84zvvwe8a,cms5isyrs008q04l2z6st65hm,0.1111111111111111,3
1,cms5i12ba000m04l84zvvwe8a,cms5jnhm900sn04l243j3kmzd,0.36363636363636365,8
1,cms5i12ba000m04l84zvvwe8a,cms5jpof300t404l2xesqywv4,0.1111111111111111,3
1,cms5i13fu000n04l8zz761b93,cms5i15pl000s04l8ve7f2ny2,0.1111111111111111,3
1,cms5i13fu000n04l8zz761b93,cms5i16am000u04l82pevy8j7,0.25,6
1,cms5i13fu000n04l8zz761b93,cms5i1705000w04l87z5jgm6s,0.2,5
1,cms5i13fu000n04l8zz761b93,cms5i17d9000z04l8bgrrriw5,0.2,5
1,cms5i13fu000n04l8zz761b93,cms5i18n7001404l8gd04sbq9,0.36363636363636365,8
1,cms5i13fu000n04l8zz761b93,cms5i19v2001b04l8b818dzbg,0.25,6
1,cms5i13fu000n04l8zz761b93,cms5i1ca6001g04l8916s8gz9,0.15384615384615385,4
1,cms5i13fu000n04l8zz761b93,cms5i1fbl001j04l8vzqcbizv,0.15384615384615385,4
1,cms5i13fu000n04l8zz761b93,cms5i1gyb001k04l8yjbhgjbm,0.15384615384615385,4
1,cms5i13fu000n04l8zz761b93,cms5i1q6s001q04l8sp02rweo,0.1111111111111111,3
1,cms5i13fu000n04l8zz761b93,cms5i1rru001r04l8qrq0kv2e,0.2,5
1,cms5i13fu000n04l8zz761b93,cms5i1rxu001s04l83phibj5t,0.15384615384615385,4
1,cms5i13fu000n04l8zz761b93,cms5i1sx9000004l7c04yn542,0.30434782608695654,7
1,cms5i13fu000n04l8zz761b93,cms5i1uwy000304l78n162cig,0.1111111111111111,3
1,cms5i13fu000n04l8zz761b93,cms5i211d000a04l7qp7qz0vt,0.30434782608695654,7
1,cms5i13fu000n04l8zz761b93,cms5i290v000d04l7ph0uhsaj,0.30434782608695654,7
1,cms5i13fu000n04l8zz761b93,cms5i2ed9000h04l7qs93woua,0.25,6
1,cms5i13fu000n04l8zz761b93,cms5i2ic6000n04l7d0j6wq97,0.2,5
1,cms5i13fu000n04l8zz761b93,cms5i3a48002b04l8kkccthvp,0.25,6
1,cms5i13fu000n04l8zz761b93,cms5i3l29002e04l8zapret3g,0.30434782608695654,7
1,cms5i13fu000n04l8zz761b93,cms5i4obd002r04l8hjv9nfek,0.2,5
1,cms5i13fu000n04l8zz761b93,cms5i536g002304l7n0vi202e,0.25,6
1,cms5i13fu000n04l8zz761b93,cms5ieh9k00wy04l2jkuo7u5i,0.15384615384615385,4
1,cms5i13fu000n04l8zz761b93,cms5isyrs008q04l2z6st65hm,0.1111111111111111,3
1,cms5i13fu000n04l8zz761b93,cms5jnhm900sn04l243j3kmzd,0.25,6
1,cms5i13fu000n04l8zz761b93,cms5jpof300t404l2xesqywv4,0.15384615384615385,4
1,cms5i15pl000s04l8ve7f2ny2,cms5i16am000u04l82pevy8j7,0.15384615384615385,4
1,cms5i15pl000s04l8ve7f2ny2,cms5i1705000w04l87z5jgm6s,0.1111111111111111,3
1,cms5i15pl000s04l8ve7f2ny2,cms5i17d9000z04l8bgrrriw5,0.1111111111111111,3
1,cms5i15pl000s04l8ve7f2ny2,cms5i18n7001404l8gd04sbq9,0.2,5
1,cms5i15pl000s04l8ve7f2ny2,cms5i19v2001b04l8b818dzbg,0.36363636363636365,8
1,cms5i15pl000s04l8ve7f2ny2,cms5i1ca6001g04l8916s8gz9,0.2,5
1,cms5i15pl000s04l8ve7f2ny2,cms5i1fbl001j04l8vzqcbizv,0.25,6
1,cms5i15pl000s04l8ve7f2ny2,cms5i1gyb001k04l8yjbhgjbm,0.1111111111111111,3
1,cms5i15pl000s04l8ve7f2ny2,cms5i1q6s001q04l8sp02rweo,0.07142857142857142,2
1,cms5i15pl000s04l8ve7f2ny2,cms5i1rru001r04l8qrq0kv2e,0.1111111111111111,3
1,cms5i15pl000s04l8ve7f2ny2,cms5i1rxu001s04l83phibj5t,0.1111111111111111,3
1,cms5i15pl000s04l8ve7f2ny2,cms5i1sx9000004l7c04yn542,0.1111111111111111,3
1,cms5i15pl000s04l8ve7f2ny2,cms5i1uwy000304l78n162cig,0.034482758620689655,1
1,cms5i15pl000s04l8ve7f2ny2,cms5i211d000a04l7qp7qz0vt,0.15384615384615385,4
1,cms5i15pl000s04l8ve7f2ny2,cms5i290v000d04l7ph0uhsaj,0.1111111111111111,3
1,cms5i15pl000s04l8ve7f2ny2,cms5i2ed9000h04l7qs93woua,0.15384615384615385,4
1,cms5i15pl000s04l8ve7f2ny2,cms5i2ic6000n04l7d0j6wq97,0.07142857142857142,2
1,cms5i15pl000s04l8ve7f2ny2,cms5i3a48002b04l8kkccthvp,0.1111111111111111,3
1,cms5i15pl000s04l8ve7f2ny2,cms5i3l29002e04l8zapret3g,0.07142857142857142,2
1,cms5i15pl000s04l8ve7f2ny2,cms5i4obd002r04l8hjv9nfek,0.2,5
1,cms5i15pl000s04l8ve7f2ny2,cms5i536g002304l7n0vi202e,0.07142857142857142,2
1,cms5i15pl000s04l8ve7f2ny2,cms5ieh9k00wy04l2jkuo7u5i,0.2,5
1,cms5i15pl000s04l8ve7f2ny2,cms5isyrs008q04l2z6st65hm,0.1111111111111111,3
1,cms5i15pl000s04l8ve7f2ny2,cms5jnhm900sn04l243j3kmzd,0.2,5
1,cms5i15pl000s04l8ve7f2ny2,cms5jpof300t404l2xesqywv4,0.2,5
1,cms5i16am000u04l82pevy8j7,cms5i1705000w04l87z5jgm6s,0.15384615384615385,4
1,cms5i16am000u04l82pevy8j7,cms5i17d9000z04l8bgrrriw5,0.15384615384615385,4
1,cms5i16am000u04l82pevy8j7,cms5i18n7001404l8gd04sbq9,0.42857142857142855,9
1,cms5i16am000u04l82pevy8j7,cms5i19v2001b04l8b818dzbg,0.42857142857142855,9
1,cms5i16am000u04l82pevy8j7,cms5i1ca6001g04l8916s8gz9,0.36363636363636365,8
1,cms5i16am000u04l82pevy8j7,cms5i1fbl001j04l8vzqcbizv,0.36363636363636365,8
1,cms5i16am000u04l82pevy8j7,cms5i1gyb001k04l8yjbhgjbm,0.07142857142857142,2
1,cms5i16am000u04l82pevy8j7,cms5i1q6s001q04l8sp02rweo,0.2,5
1,cms5i16am000u04l82pevy8j7,cms5i1rru001r04l8qrq0kv2e,0.30434782608695654,7
1,cms5i16am000u04l82pevy8j7,cms5i1rxu001s04l83phibj5t,0.2,5
1,cms5i16am000u04l82pevy8j7,cms5i1sx9000004l7c04yn542,0.30434782608695654,7
1,cms5i16am000u04l82pevy8j7,cms5i1uwy000304l78n162cig,0.25,6
1,cms5i16am000u04l82pevy8j7,cms5i211d000a04l7qp7qz0vt,0.25,6
1,cms5i16am000u04l82pevy8j7,cms5i290v000d04l7ph0uhsaj,0.25,6
1,cms5i16am000u04l82pevy8j7,cms5i2ed9000h04l7qs93woua,0.30434782608695654,7
1,cms5i16am000u04l82pevy8j7,cms5i2ic6000n04l7d0j6wq97,0.2,5
1,cms5i16am000u04l82pevy8j7,cms5i3a48002b04l8kkccthvp,0.36363636363636365,8
1,cms5i16am000u04l82pevy8j7,cms5i3l29002e04l8zapret3g,0.15384615384615385,4
1,cms5i16am000u04l82pevy8j7,cms5i4obd002r04l8hjv9nfek,0.42857142857142855,9
1,cms5i16am000u04l82pevy8j7,cms5i536g002304l7n0vi202e,0.2,5
1,cms5i16am000u04l82pevy8j7,cms5ieh9k00wy04l2jkuo7u5i,0.15384615384615385,4
1,cms5i16am000u04l82pevy8j7,cms5isyrs008q04l2z6st65hm,0.2,5
1,cms5i16am000u04l82pevy8j7,cms5jnhm900sn04l243j3kmzd,0.36363636363636365,8
1,cms5i16am000u04l82pevy8j7,cms5jpof300t404l2xesqywv4,0.30434782608695654,7
1,cms5i1705000w04l87z5jgm6s,cms5i17d9000z04l8bgrrriw5,0.2,5
1,cms5i1705000w04l87z5jgm6s,cms5i18n7001404l8gd04sbq9,0.2,5
1,cms5i1705000w04l87z5jgm6s,cms5i19v2001b04l8b818dzbg,0.2,5
1,cms5i1705000w04l87z5jgm6s,cms5i1ca6001g04l8916s8gz9,0.15384615384615385,4
1,cms5i1705000w04l87z5jgm6s,cms5i1fbl001j04l8vzqcbizv,0.15384615384615385,4
1,cms5i1705000w04l87z5jgm6s,cms5i1gyb001k04l8yjbhgjbm,0.07142857142857142,2
1,cms5i1705000w04l87z5jgm6s,cms5i1q6s001q04l8sp02rweo,0.2,5
1,cms5i1705000w04l87z5jgm6s,cms5i1rru001r04l8qrq0kv2e,0.1111111111111111,3
1,cms5i1705000w04l87z5jgm6s,cms5i1rxu001s04l83phibj5t,0.1111111111111111,3
1,cms5i1705000w04l87z5jgm6s,cms5i1sx9000004l7c04yn542,0.30434782608695654,7
1,cms5i1705000w04l87z5jgm6s,cms5i1uwy000304l78n162cig,0.15384615384615385,4
1,cms5i1705000w04l87z5jgm6s,cms5i211d000a04l7qp7qz0vt,0.15384615384615385,4
1,cms5i1705000w04l87z5jgm6s,cms5i290v000d04l7ph0uhsaj,0.15384615384615385,4
1,cms5i1705000w04l87z5jgm6s,cms5i2ed9000h04l7qs93woua,0.1111111111111111,3
1,cms5i1705000w04l87z5jgm6s,cms5i2ic6000n04l7d0j6wq97,0.2,5
1,cms5i1705000w04l87z5jgm6s,cms5i3a48002b04l8kkccthvp,0.1111111111111111,3
1,cms5i1705000w04l87z5jgm6s,cms5i3l29002e04l8zapret3g,0.07142857142857142,2
1,cms5i1705000w04l87z5jgm6s,cms5i4obd002r04l8hjv9nfek,0.1111111111111111,3
1,cms5i1705000w04l87z5jgm6s,cms5i536g002304l7n0vi202e,0.30434782608695654,7
1,cms5i1705000w04l87z5jgm6s,cms5ieh9k00wy04l2jkuo7u5i,0.2,5
1,cms5i1705000w04l87z5jgm6s,cms5isyrs008q04l2z6st65hm,0.15384615384615385,4
1,cms5i1705000w04l87z5jgm6s,cms5jnhm900sn04l243j3kmzd,0.30434782608695654,7
1,cms5i1705000w04l87z5jgm6s,cms5jpof300t404l2xesqywv4,0.034482758620689655,1
1,cms5i17d9000z04l8bgrrriw5,cms5i18n7001404l8gd04sbq9,0.15384615384615385,4
1,cms5i17d9000z04l8bgrrriw5,cms5i19v2001b04l8b818dzbg,0.15384615384615385,4
1,cms5i17d9000z04l8bgrrriw5,cms5i1ca6001g04l8916s8gz9,0.2,5
1,cms5i17d9000z04l8bgrrriw5,cms5i1fbl001j04l8vzqcbizv,0.07142857142857142,2
1,cms5i17d9000z04l8bgrrriw5,cms5i1gyb001k04l8yjbhgjbm,0.1111111111111111,3
1,cms5i17d9000z04l8bgrrriw5,cms5i1q6s001q04l8sp02rweo,0.15384615384615385,4
1,cms5i17d9000z04l8bgrrriw5,cms5i1rru001r04l8qrq0kv2e,0.034482758620689655,1
1,cms5i17d9000z04l8bgrrriw5,cms5i1rxu001s04l83phibj5t,0.25,6
1,cms5i17d9000z04l8bgrrriw5,cms5i1sx9000004l7c04yn542,0.15384615384615385,4
1,cms5i17d9000z04l8bgrrriw5,cms5i1uwy000304l78n162cig,0.2,5
1,cms5i17d9000z04l8bgrrriw5,cms5i211d000a04l7qp7qz0vt,0.2,5
1,cms5i17d9000z04l8bgrrriw5,cms5i290v000d04l7ph0uhsaj,0.2,5
1,cms5i17d9000z04l8bgrrriw5,cms5i2ed9000h04l7qs93woua,0.07142857142857142,2
1,cms5i17d9000z04l8bgrrriw5,cms5i2ic6000n04l7d0j6wq97,0.07142857142857142,2
1,cms5i17d9000z04l8bgrrriw5,cms5i3a48002b04l8kkccthvp,0.15384615384615385,4
1,cms5i17d9000z04l8bgrrriw5,cms5i3l29002e04l8zapret3g,0.15384615384615385,4
1,cms5i17d9000z04l8bgrrriw5,cms5i4obd002r04l8hjv9nfek,0.1111111111111111,3
1,cms5i17d9000z04l8bgrrriw5,cms5i536g002304l7n0vi202e,0.25,6
1,cms5i17d9000z04l8bgrrriw5,cms5ieh9k00wy04l2jkuo7u5i,0.15384615384615385,4
1,cms5i17d9000z04l8bgrrriw5,cms5isyrs008q04l2z6st65hm,0.07142857142857142,2
1,cms5i17d9000z04l8bgrrriw5,cms5jnhm900sn04l243j3kmzd,0.15384615384615385,4
1,cms5i17d9000z04l8bgrrriw5,cms5jpof300t404l2xesqywv4,0.15384615384615385,4
1,cms5i18n7001404l8gd04sbq9,cms5i19v2001b04l8b818dzbg,0.36363636363636365,8
1,cms5i18n7001404l8gd04sbq9,cms5i1ca6001g04l8916s8gz9,0.36363636363636365,8
1,cms5i18n7001404l8gd04sbq9,cms5i1fbl001j04l8vzqcbizv,0.36363636363636365,8
1,cms5i18n7001404l8gd04sbq9,cms5i1gyb001k04l8yjbhgjbm,0.07142857142857142,2
1,cms5i18n7001404l8gd04sbq9,cms5i1q6s001q04l8sp02rweo,0.1111111111111111,3
1,cms5i18n7001404l8gd04sbq9,cms5i1rru001r04l8qrq0kv2e,0.30434782608695654,7
1,cms5i18n7001404l8gd04sbq9,cms5i1rxu001s04l83phibj5t,0.1111111111111111,3
1,cms5i18n7001404l8gd04sbq9,cms5i1sx9000004l7c04yn542,0.25,6
1,cms5i18n7001404l8gd04sbq9,cms5i1uwy000304l78n162cig,0.25,6
1,cms5i18n7001404l8gd04sbq9,cms5i211d000a04l7qp7qz0vt,0.2,5
1,cms5i18n7001404l8gd04sbq9,cms5i290v000d04l7ph0uhsaj,0.25,6
1,cms5i18n7001404l8gd04sbq9,cms5i2ed9000h04l7qs93woua,0.2,5
1,cms5i18n7001404l8gd04sbq9,cms5i2ic6000n04l7d0j6wq97,0.1111111111111111,3
1,cms5i18n7001404l8gd04sbq9,cms5i3a48002b04l8kkccthvp,0.30434782608695654,7
1,cms5i18n7001404l8gd04sbq9,cms5i3l29002e04l8zapret3g,0.15384615384615385,4
1,cms5i18n7001404l8gd04sbq9,cms5i4obd002r04l8hjv9nfek,0.30434782608695654,7
1,cms5i18n7001404l8gd04sbq9,cms5i536g002304l7n0vi202e,0.2,5
1,cms5i18n7001404l8gd04sbq9,cms5ieh9k00wy04l2jkuo7u5i,0.25,6
1,cms5i18n7001404l8gd04sbq9,cms5isyrs008q04l2z6st65hm,0.2,5
1,cms5i18n7001404l8gd04sbq9,cms5jnhm900sn04l243j3kmzd,0.36363636363636365,8
1,cms5i18n7001404l8gd04sbq9,cms5jpof300t404l2xesqywv4,0.15384615384615385,4
1,cms5i19v2001b04l8b818dzbg,cms5i1ca6001g04l8916s8gz9,0.30434782608695654,7
1,cms5i19v2001b04l8b818dzbg,cms5i1fbl001j04l8vzqcbizv,0.25,6
1,cms5i19v2001b04l8b818dzbg,cms5i1gyb001k04l8yjbhgjbm,0.15384615384615385,4
1,cms5i19v2001b04l8b818dzbg,cms5i1q6s001q04l8sp02rweo,0.1111111111111111,3
1,cms5i19v2001b04l8b818dzbg,cms5i1rru001r04l8qrq0kv2e,0.2,5
1,cms5i19v2001b04l8b818dzbg,cms5i1rxu001s04l83phibj5t,0.2,5
1,cms5i19v2001b04l8b818dzbg,cms5i1sx9000004l7c04yn542,0.15384615384615385,4
1,cms5i19v2001b04l8b818dzbg,cms5i1uwy000304l78n162cig,0.15384615384615385,4
1,cms5i19v2001b04l8b818dzbg,cms5i211d000a04l7qp7qz0vt,0.25,6
1,cms5i19v2001b04l8b818dzbg,cms5i290v000d04l7ph0uhsaj,0.15384615384615385,4
1,cms5i19v2001b04l8b818dzbg,cms5i2ed9000h04l7qs93woua,0.1111111111111111,3
1,cms5i19v2001b04l8b818dzbg,cms5i2ic6000n04l7d0j6wq97,0.1111111111111111,3
1,cms5i19v2001b04l8b818dzbg,cms5i3a48002b04l8kkccthvp,0.2,5
1,cms5i19v2001b04l8b818dzbg,cms5i3l29002e04l8zapret3g,0.2,5
1,cms5i19v2001b04l8b818dzbg,cms5i4obd002r04l8hjv9nfek,0.30434782608695654,7
1,cms5i19v2001b04l8b818dzbg,cms5i536g002304l7n0vi202e,0.25,6
1,cms5i19v2001b04l8b818dzbg,cms5ieh9k00wy04l2jkuo7u5i,0.2,5
1,cms5i19v2001b04l8b818dzbg,cms5isyrs008q04l2z6st65hm,0.2,5
1,cms5i19v2001b04l8b818dzbg,cms5jnhm900sn04l243j3kmzd,0.25,6
1,cms5i19v2001b04l8b818dzbg,cms5jpof300t404l2xesqywv4,0.2,5
1,cms5i1ca6001g04l8916s8gz9,cms5i1fbl001j04l8vzqcbizv,0.30434782608695654,7
1,cms5i1ca6001g04l8916s8gz9,cms5i1gyb001k04l8yjbhgjbm,0.07142857142857142,2
1,cms5i1ca6001g04l8916s8gz9,cms5i1q6s001q04l8sp02rweo,0.15384615384615385,4
1,cms5i1ca6001g04l8916s8gz9,cms5i1rru001r04l8qrq0kv2e,0.36363636363636365,8
1,cms5i1ca6001g04l8916s8gz9,cms5i1rxu001s04l83phibj5t,0.2,5
1,cms5i1ca6001g04l8916s8gz9,cms5i1sx9000004l7c04yn542,0.15384615384615385,4
1,cms5i1ca6001g04l8916s8gz9,cms5i1uwy000304l78n162cig,0.25,6
1,cms5i1ca6001g04l8916s8gz9,cms5i211d000a04l7qp7qz0vt,0.07142857142857142,2
1,cms5i1ca6001g04l8916s8gz9,cms5i290v000d04l7ph0uhsaj,0.2,5
1,cms5i1ca6001g04l8916s8gz9,cms5i2ed9000h04l7qs93woua,0.2,5
1,cms5i1ca6001g04l8916s8gz9,cms5i2ic6000n04l7d0j6wq97,0.15384615384615385,4
1,cms5i1ca6001g04l8916s8gz9,cms5i3a48002b04l8kkccthvp,0.25,6
1,cms5i1ca6001g04l8916s8gz9,cms5i3l29002e04l8zapret3g,0.15384615384615385,4
1,cms5i1ca6001g04l8916s8gz9,cms5i4obd002r04l8hjv9nfek,0.30434782608695654,7
1,cms5i1ca6001g04l8916s8gz9,cms5i536g002304l7n0vi202e,0.15384615384615385,4
1,cms5i1ca6001g04l8916s8gz9,cms5ieh9k00wy04l2jkuo7u5i,0.2,5
1,cms5i1ca6001g04l8916s8gz9,cms5isyrs008q04l2z6st65hm,0.15384615384615385,4
1,cms5i1ca6001g04l8916s8gz9,cms5jnhm900sn04l243j3kmzd,0.36363636363636365,8
1,cms5i1ca6001g04l8916s8gz9,cms5jpof300t404l2xesqywv4,0.25,6
1,cms5i1fbl001j04l8vzqcbizv,cms5i1gyb001k04l8yjbhgjbm,0.034482758620689655,1
1,cms5i1fbl001j04l8vzqcbizv,cms5i1q6s001q04l8sp02rweo,0.07142857142857142,2
1,cms5i1fbl001j04l8vzqcbizv,cms5i1rru001r04l8qrq0kv2e,0.25,6
1,cms5i1fbl001j04l8vzqcbizv,cms5i1rxu001s04l83phibj5t,0.2,5
1,cms5i1fbl001j04l8vzqcbizv,cms5i1sx9000004l7c04yn542,0.36363636363636365,8
1,cms5i1fbl001j04l8vzqcbizv,cms5i1uwy000304l78n162cig,0.2,5
1,cms5i1fbl001j04l8vzqcbizv,cms5i211d000a04l7qp7qz0vt,0.15384615384615385,4
1,cms5i1fbl001j04l8vzqcbizv,cms5i290v000d04l7ph0uhsaj,0.15384615384615385,4
1,cms5i1fbl001j04l8vzqcbizv,cms5i2ed9000h04l7qs93woua,0.25,6
1,cms5i1fbl001j04l8vzqcbizv,cms5i2ic6000n04l7d0j6wq97,0.07142857142857142,2
1,cms5i1fbl001j04l8vzqcbizv,cms5i3a48002b04l8kkccthvp,0.15384615384615385,4
1,cms5i1fbl001j04l8vzqcbizv,cms5i3l29002e04l8zapret3g,0.1111111111111111,3
1,cms5i1fbl001j04l8vzqcbizv,cms5i4obd002r04l8hjv9nfek,0.30434782608695654,7
1,cms5i1fbl001j04l8vzqcbizv,cms5i536g002304l7n0vi202e,0.1111111111111111,3
1,cms5i1fbl001j04l8vzqcbizv,cms5ieh9k00wy04l2jkuo7u5i,0.15384615384615385,4
1,cms5i1fbl001j04l8vzqcbizv,cms5isyrs008q04l2z6st65hm,0.15384615384615385,4
1,cms5i1fbl001j04l8vzqcbizv,cms5jnhm900sn04l243j3kmzd,0.30434782608695654,7
1,cms5i1fbl001j04l8vzqcbizv,cms5jpof300t404l2xesqywv4,0.15384615384615385,4
1,cms5i1gyb001k04l8yjbhgjbm,cms5i1q6s001q04l8sp02rweo,0.034482758620689655,1
1,cms5i1gyb001k04l8yjbhgjbm,cms5i1rru001r04l8qrq0kv2e,0.15384615384615385,4
1,cms5i1gyb001k04l8yjbhgjbm,cms5i1rxu001s04l83phibj5t,0.15384615384615385,4
1,cms5i1gyb001k04l8yjbhgjbm,cms5i1sx9000004l7c04yn542,0.07142857142857142,2
1,cms5i1gyb001k04l8yjbhgjbm,cms5i1uwy000304l78n162cig,0.1111111111111111,3
1,cms5i1gyb001k04l8yjbhgjbm,cms5i211d000a04l7qp7qz0vt,0.07142857142857142,2
1,cms5i1gyb001k04l8yjbhgjbm,cms5i290v000d04l7ph0uhsaj,0.07142857142857142,2
1,cms5i1gyb001k04l8yjbhgjbm,cms5i2ed9000h04l7qs93woua,0.1111111111111111,3
1,cms5i1gyb001k04l8yjbhgjbm,cms5i2ic6000n04l7d0j6wq97,0.1111111111111111,3
1,cms5i1gyb001k04l8yjbhgjbm,cms5i3a48002b04l8kkccthvp,0.15384615384615385,4
1,cms5i1gyb001k04l8yjbhgjbm,cms5i3l29002e04l8zapret3g,0.15384615384615385,4
1,cms5i1gyb001k04l8yjbhgjbm,cms5i4obd002r04l8hjv9nfek,0.1111111111111111,3
1,cms5i1gyb001k04l8yjbhgjbm,cms5i536g002304l7n0vi202e,0.15384615384615385,4
1,cms5i1gyb001k04l8yjbhgjbm,cms5ieh9k00wy04l2jkuo7u5i,0.2,5
1,cms5i1gyb001k04l8yjbhgjbm,cms5isyrs008q04l2z6st65hm,0.1111111111111111,3
1,cms5i1gyb001k04l8yjbhgjbm,cms5jnhm900sn04l243j3kmzd,0.1111111111111111,3
1,cms5i1gyb001k04l8yjbhgjbm,cms5jpof300t404l2xesqywv4,0.07142857142857142,2
1,cms5i1q6s001q04l8sp02rweo,cms5i1rru001r04l8qrq0kv2e,0.1111111111111111,3
1,cms5i1q6s001q04l8sp02rweo,cms5i1rxu001s04l83phibj5t,0.15384615384615385,4
1,cms5i1q6s001q04l8sp02rweo,cms5i1sx9000004l7c04yn542,0.2,5
1,cms5i1q6s001q04l8sp02rweo,cms5i1uwy000304l78n162cig,0.2,5
1,cms5i1q6s001q04l8sp02rweo,cms5i211d000a04l7qp7qz0vt,0.15384615384615385,4
1,cms5i1q6s001q04l8sp02rweo,cms5i290v000d04l7ph0uhsaj,0.2,5
1,cms5i1q6s001q04l8sp02rweo,cms5i2ed9000h04l7qs93woua,0.1111111111111111,3
1,cms5i1q6s001q04l8sp02rweo,cms5i2ic6000n04l7d0j6wq97,0.1111111111111111,3
1,cms5i1q6s001q04l8sp02rweo,cms5i3a48002b04l8kkccthvp,0.2,5
1,cms5i1q6s001q04l8sp02rweo,cms5i3l29002e04l8zapret3g,0.15384615384615385,4
1,cms5i1q6s001q04l8sp02rweo,cms5i4obd002r04l8hjv9nfek,0.15384615384615385,4
1,cms5i1q6s001q04l8sp02rweo,cms5i536g002304l7n0vi202e,0.15384615384615385,4
1,cms5i1q6s001q04l8sp02rweo,cms5ieh9k00wy04l2jkuo7u5i,0.034482758620689655,1
1,cms5i1q6s001q04l8sp02rweo,cms5isyrs008q04l2z6st65hm,0.15384615384615385,4
1,cms5i1q6s001q04l8sp02rweo,cms5jnhm900sn04l243j3kmzd,0.25,6
1,cms5i1q6s001q04l8sp02rweo,cms5jpof300t404l2xesqywv4,0.1111111111111111,3
1,cms5i1rru001r04l8qrq0kv2e,cms5i1rxu001s04l83phibj5t,0.15384615384615385,4
1,cms5i1rru001r04l8qrq0kv2e,cms5i1sx9000004l7c04yn542,0.15384615384615385,4
1,cms5i1rru001r04l8qrq0kv2e,cms5i1uwy000304l78n162cig,0.15384615384615385,4
1,cms5i1rru001r04l8qrq0kv2e,cms5i211d000a04l7qp7qz0vt,0.1111111111111111,3
1,cms5i1rru001r04l8qrq0kv2e,cms5i290v000d04l7ph0uhsaj,0.2,5
1,cms5i1rru001r04l8qrq0kv2e,cms5i2ed9000h04l7qs93woua,0.2,5
1,cms5i1rru001r04l8qrq0kv2e,cms5i2ic6000n04l7d0j6wq97,0.2,5
1,cms5i1rru001r04l8qrq0kv2e,cms5i3a48002b04l8kkccthvp,0.2,5
1,cms5i1rru001r04l8qrq0kv2e,cms5i3l29002e04l8zapret3g,0.2,5
1,cms5i1rru001r04l8qrq0kv2e,cms5i4obd002r04l8hjv9nfek,0.36363636363636365,8
1,cms5i1rru001r04l8qrq0kv2e,cms5i536g002304l7n0vi202e,0.15384615384615385,4
1,cms5i1rru001r04l8qrq0kv2e,cms5ieh9k00wy04l2jkuo7u5i,0.1111111111111111,3
1,cms5i1rru001r04l8qrq0kv2e,cms5isyrs008q04l2z6st65hm,0.25,6
1,cms5i1rru001r04l8qrq0kv2e,cms5jnhm900sn04l243j3kmzd,0.30434782608695654,7
1,cms5i1rru001r04l8qrq0kv2e,cms5jpof300t404l2xesqywv4,0.25,6
1,cms5i1rxu001s04l83phibj5t,cms5i1sx9000004l7c04yn542,0.1111111111111111,3
1,cms5i1rxu001s04l83phibj5t,cms5i1uwy000304l78n162cig,0.25,6
1,cms5i1rxu001s04l83phibj5t,cms5i211d000a04l7qp7qz0vt,0.2,5
1,cms5i1rxu001s04l83phibj5t,cms5i290v000d04l7ph0uhsaj,0.07142857142857142,2
1,cms5i1rxu001s04l83phibj5t,cms5i2ed9000h04l7qs93woua,0.1111111111111111,3
1,cms5i1rxu001s04l83phibj5t,cms5i2ic6000n04l7d0j6wq97,0.07142857142857142,2
1,cms5i1rxu001s04l83phibj5t,cms5i3a48002b04l8kkccthvp,0.15384615384615385,4
1,cms5i1rxu001s04l83phibj5t,cms5i3l29002e04l8zapret3g,0.2,5
1,cms5i1rxu001s04l83phibj5t,cms5i4obd002r04l8hjv9nfek,0.2,5
1,cms5i1rxu001s04l83phibj5t,cms5i536g002304l7n0vi202e,0.15384615384615385,4
1,cms5i1rxu001s04l83phibj5t,cms5ieh9k00wy04l2jkuo7u5i,0.07142857142857142,2
1,cms5i1rxu001s04l83phibj5t,cms5isyrs008q04l2z6st65hm,0.15384615384615385,4
1,cms5i1rxu001s04l83phibj5t,cms5jnhm900sn04l243j3kmzd,0.30434782608695654,7
1,cms5i1rxu001s04l83phibj5t,cms5jpof300t404l2xesqywv4,0.2,5
1,cms5i1sx9000004l7c04yn542,cms5i1uwy000304l78n162cig,0.25,6
1,cms5i1sx9000004l7c04yn542,cms5i211d000a04l7qp7qz0vt,0.36363636363636365,8
1,cms5i1sx9000004l7c04yn542,cms5i290v000d04l7ph0uhsaj,0.30434782608695654,7
1,cms5i1sx9000004l7c04yn542,cms5i2ed9000h04l7qs93woua,0.25,6
1,cms5i1sx9000004l7c04yn542,cms5i2ic6000n04l7d0j6wq97,0.2,5
1,cms5i1sx9000004l7c04yn542,cms5i3a48002b04l8kkccthvp,0.2,5
1,cms5i1sx9000004l7c04yn542,cms5i3l29002e04l8zapret3g,0.15384615384615385,4
1,cms5i1sx9000004l7c04yn542,cms5i4obd002r04l8hjv9nfek,0.2,5
1,cms5i1sx9000004l7c04yn542,cms5i536g002304l7n0vi202e,0.30434782608695654,7
1,cms5i1sx9000004l7c04yn542,cms5ieh9k00wy04l2jkuo7u5i,0.2,5
1,cms5i1sx9000004l7c04yn542,cms5isyrs008q04l2z6st65hm,0.1111111111111111,3
1,cms5i1sx9000004l7c04yn542,cms5jnhm900sn04l243j3kmzd,0.36363636363636365,8
1,cms5i1sx9000004l7c04yn542,cms5jpof300t404l2xesqywv4,0.1111111111111111,3
1,cms5i1uwy000304l78n162cig,cms5i211d000a04l7qp7qz0vt,0.15384615384615385,4
1,cms5i1uwy000304l78n162cig,cms5i290v000d04l7ph0uhsaj,0.15384615384615385,4
1,cms5i1uwy000304l78n162cig,cms5i2ed9000h04l7qs93woua,0.2,5
1,cms5i1uwy000304l78n162cig,cms5i2ic6000n04l7d0j6wq97,0.1111111111111111,3
1,cms5i1uwy000304l78n162cig,cms5i3a48002b04l8kkccthvp,0.30434782608695654,7
1,cms5i1uwy000304l78n162cig,cms5i3l29002e04l8zapret3g,0.1111111111111111,3
1,cms5i1uwy000304l78n162cig,cms5i4obd002r04l8hjv9nfek,0.1111111111111111,3
1,cms5i1uwy000304l78n162cig,cms5i536g002304l7n0vi202e,0.30434782608695654,7
1,cms5i1uwy000304l78n162cig,cms5ieh9k00wy04l2jkuo7u5i,0.15384615384615385,4
1,cms5i1uwy000304l78n162cig,cms5isyrs008q04l2z6st65hm,0.1111111111111111,3
1,cms5i1uwy000304l78n162cig,cms5jnhm900sn04l243j3kmzd,0.30434782608695654,7
1,cms5i1uwy000304l78n162cig,cms5jpof300t404l2xesqywv4,0.1111111111111111,3
1,cms5i211d000a04l7qp7qz0vt,cms5i290v000d04l7ph0uhsaj,0.2,5
1,cms5i211d000a04l7qp7qz0vt,cms5i2ed9000h04l7qs93woua,0.30434782608695654,7
1,cms5i211d000a04l7qp7qz0vt,cms5i2ic6000n04l7d0j6wq97,0.15384615384615385,4
1,cms5i211d000a04l7qp7qz0vt,cms5i3a48002b04l8kkccthvp,0.25,6
1,cms5i211d000a04l7qp7qz0vt,cms5i3l29002e04l8zapret3g,0.2,5
1,cms5i211d000a04l7qp7qz0vt,cms5i4obd002r04l8hjv9nfek,0.15384615384615385,4
1,cms5i211d000a04l7qp7qz0vt,cms5i536g002304l7n0vi202e,0.30434782608695654,7
1,cms5i211d000a04l7qp7qz0vt,cms5ieh9k00wy04l2jkuo7u5i,0.15384615384615385,4
1,cms5i211d000a04l7qp7qz0vt,cms5isyrs008q04l2z6st65hm,0.034482758620689655,1
1,cms5i211d000a04l7qp7qz0vt,cms5jnhm900sn04l243j3kmzd,0.30434782608695654,7
1,cms5i211d000a04l7qp7qz0vt,cms5jpof300t404l2xesqywv4,0.1111111111111111,3
1,cms5i290v000d04l7ph0uhsaj,cms5i2ed9000h04l7qs93woua,0.25,6
1,cms5i290v000d04l7ph0uhsaj,cms5i2ic6000n04l7d0j6wq97,0.25,6
1,cms5i290v000d04l7ph0uhsaj,cms5i3a48002b04l8kkccthvp,0.25,6
1,cms5i290v000d04l7ph0uhsaj,cms5i3l29002e04l8zapret3g,0.2,5
1,cms5i290v000d04l7ph0uhsaj,cms5i4obd002r04l8hjv9nfek,0.15384615384615385,4
1,cms5i290v000d04l7ph0uhsaj,cms5i536g002304l7n0vi202e,0.25,6
1,cms5i290v000d04l7ph0uhsaj,cms5ieh9k00wy04l2jkuo7u5i,0.25,6
1,cms5i290v000d04l7ph0uhsaj,cms5isyrs008q04l2z6st65hm,0.1111111111111111,3
1,cms5i290v000d04l7ph0uhsaj,cms5jnhm900sn04l243j3kmzd,0.25,6
1,cms5i290v000d04l7ph0uhsaj,cms5jpof300t404l2xesqywv4,0.1111111111111111,3
1,cms5i2ed9000h04l7qs93woua,cms5i2ic6000n04l7d0j6wq97,0.25,6
1,cms5i2ed9000h04l7qs93woua,cms5i3a48002b04l8kkccthvp,0.30434782608695654,7
1,cms5i2ed9000h04l7qs93woua,cms5i3l29002e04l8zapret3g,0.1111111111111111,3
1,cms5i2ed9000h04l7qs93woua,cms5i4obd002r04l8hjv9nfek,0.1111111111111111,3
1,cms5i2ed9000h04l7qs93woua,cms5i536g002304l7n0vi202e,0.2,5
1,cms5i2ed9000h04l7qs93woua,cms5ieh9k00wy04l2jkuo7u5i,0.2,5
1,cms5i2ed9000h04l7qs93woua,cms5isyrs008q04l2z6st65hm,0.1111111111111111,3
1,cms5i2ed9000h04l7qs93woua,cms5jnhm900sn04l243j3kmzd,0.36363636363636365,8
1,cms5i2ed9000h04l7qs93woua,cms5jpof300t404l2xesqywv4,0.1111111111111111,3
1,cms5i2ic6000n04l7d0j6wq97,cms5i3a48002b04l8kkccthvp,0.25,6
1,cms5i2ic6000n04l7d0j6wq97,cms5i3l29002e04l8zapret3g,0.15384615384615385,4
1,cms5i2ic6000n04l7d0j6wq97,cms5i4obd002r04l8hjv9nfek,0.15384615384615385,4
1,cms5i2ic6000n04l7d0j6wq97,cms5i536g002304l7n0vi202e,0.25,6
1,cms5i2ic6000n04l7d0j6wq97,cms5ieh9k00wy04l2jkuo7u5i,0.15384615384615385,4
1,cms5i2ic6000n04l7d0j6wq97,cms5isyrs008q04l2z6st65hm,0.1111111111111111,3
1,cms5i2ic6000n04l7d0j6wq97,cms5jnhm900sn04l243j3kmzd,0.15384615384615385,4
1,cms5i2ic6000n04l7d0j6wq97,cms5jpof300t404l2xesqywv4,0.15384615384615385,4
1,cms5i3a48002b04l8kkccthvp,cms5i3l29002e04l8zapret3g,0.25,6
1,cms5i3a48002b04l8kkccthvp,cms5i4obd002r04l8hjv9nfek,0.15384615384615385,4
1,cms5i3a48002b04l8kkccthvp,cms5i536g002304l7n0vi202e,0.25,6
1,cms5i3a48002b04l8kkccthvp,cms5ieh9k00wy04l2jkuo7u5i,0.2,5
1,cms5i3a48002b04l8kkccthvp,cms5isyrs008q04l2z6st65hm,0.034482758620689655,1
1,cms5i3a48002b04l8kkccthvp,cms5jnhm900sn04l243j3kmzd,0.30434782608695654,7
1,cms5i3a48002b04l8kkccthvp,cms5jpof300t404l2xesqywv4,0.1111111111111111,3
1,cms5i3l29002e04l8zapret3g,cms5i4obd002r04l8hjv9nfek,0.2,5
1,cms5i3l29002e04l8zapret3g,cms5i536g002304l7n0vi202e,0.25,6
1,cms5i3l29002e04l8zapret3g,cms5ieh9k00wy04l2jkuo7u5i,0.1111111111111111,3
1,cms5i3l29002e04l8zapret3g,cms5isyrs008q04l2z6st65hm,0.2,5
1,cms5i3l29002e04l8zapret3g,cms5jnhm900sn04l243j3kmzd,0.15384615384615385,4
1,cms5i3l29002e04l8zapret3g,cms5jpof300t404l2xesqywv4,0.1111111111111111,3
1,cms5i4obd002r04l8hjv9nfek,cms5i536g002304l7n0vi202e,0.1111111111111111,3
1,cms5i4obd002r04l8hjv9nfek,cms5ieh9k00wy04l2jkuo7u5i,0.034482758620689655,1
1,cms5i4obd002r04l8hjv9nfek,cms5isyrs008q04l2z6st65hm,0.2,5
1,cms5i4obd002r04l8hjv9nfek,cms5jnhm900sn04l243j3kmzd,0.25,6
1,cms5i4obd002r04l8hjv9nfek,cms5jpof300t404l2xesqywv4,0.36363636363636365,8
1,cms5i536g002304l7n0vi202e,cms5ieh9k00wy04l2jkuo7u5i,0.2,5
1,cms5i536g002304l7n0vi202e,cms5isyrs008q04l2z6st65hm,0.1111111111111111,3
1,cms5i536g002304l7n0vi202e,cms5jnhm900sn04l243j3kmzd,0.30434782608695654,7
1,cms5i536g002304l7n0vi202e,cms5jpof300t404l2xesqywv4,0.07142857142857142,2
1,cms5ieh9k00wy04l2jkuo7u5i,cms5isyrs008q04l2z6st65hm,0.1111111111111111,3
1,cms5ieh9k00wy04l2jkuo7u5i,cms5jnhm900sn04l243j3kmzd,0.15384615384615385,4
1,cms5ieh9k00wy04l2jkuo7u5i,cms5jpof300t404l2xesqywv4,0.034482758620689655,1
1,cms5isyrs008q04l2z6st65hm,cms5jnhm900sn04l243j3kmzd,0.25,6
1,cms5isyrs008q04l2z6st65hm,cms5jpof300t404l2xesqywv4,0.2,5
1,cms5jnhm900sn04l243j3kmzd,cms5jpof300t404l2xesqywv4,0.15384615384615385,4
2,cms5hzr64000104l866r5zbw0,cms5i0htd000404l8l6kmtilt,0.30434782608695654,7
2,cms5hzr64000104l866r5zbw0,cms5i0i0l000504l8ulbsjfmz,0.15384615384615385,4
2,cms5hzr64000104l866r5zbw0,cms5i0n84000a04l800qcezwm,0.30434782608695654,7
2,cms5hzr64000104l866r5zbw0,cms5i0s69000d04l8pqx4e1xz,0.2,5
2,cms5hzr64000104l866r5zbw0,cms5i0xtg000g04l8guihaayb,0.1111111111111111,3
2,cms5hzr64000104l866r5zbw0,cms5i0ycl000h04l8k13pj7wf,0.2,5
2,cms5hzr64000104l866r5zbw0,cms5i12ba000m04l84zvvwe8a,0.30434782608695654,7
2,cms5hzr64000104l866r5zbw0,cms5i13fu000n04l8zz761b93,0.30434782608695654,7
2,cms5hzr64000104l866r5zbw0,cms5i15pl000s04l8ve7f2ny2,0.15384615384615385,4
2,cms5hzr64000104l866r5zbw0,cms5i16am000u04l82pevy8j7,0.30434782608695654,7
2,cms5hzr64000104l866r5zbw0,cms5i1705000w04l87z5jgm6s,0.36363636363636365,8
2,cms5hzr64000104l866r5zbw0,cms5i17d9000z04l8bgrrriw5,0.2,5
2,cms5hzr64000104l866r5zbw0,cms5i18n7001404l8gd04sbq9,0.2,5
2,cms5hzr64000104l866r5zbw0,cms5i19v2001b04l8b818dzbg,0.42857142857142855,9
2,cms5hzr64000104l866r5zbw0,cms5i1ca6001g04l8916s8gz9,0.30434782608695654,7
2,cms5hzr64000104l866r5zbw0,cms5i1fbl001j04l8vzqcbizv,0.2,5
2,cms5hzr64000104l866r5zbw0,cms5i1gyb001k04l8yjbhgjbm,0.15384615384615385,4
2,cms5hzr64000104l866r5zbw0,cms5i1q6s001q04l8sp02rweo,0.36363636363636365,8
2,cms5hzr64000104l866r5zbw0,cms5i1rru001r04l8qrq0kv2e,0.2,5
2,cms5hzr64000104l866r5zbw0,cms5i1rxu001s04l83phibj5t,0.36363636363636365,8
2,cms5hzr64000104l866r5zbw0,cms5i1sx9000004l7c04yn542,0.36363636363636365,8
2,cms5hzr64000104l866r5zbw0,cms5i1uwy000304l78n162cig,0.1111111111111111,3
2,cms5hzr64000104l866r5zbw0,cms5i290v000d04l7ph0uhsaj,0.15384615384615385,4
2,cms5hzr64000104l866r5zbw0,cms5i2ed9000h04l7qs93woua,0.25,6
2,cms5hzr64000104l866r5zbw0,cms5i2ic6000n04l7d0j6wq97,0.25,6
2,cms5hzr64000104l866r5zbw0,cms5i3a48002b04l8kkccthvp,0.25,6
2,cms5hzr64000104l866r5zbw0,cms5i4obd002r04l8hjv9nfek,0.25,6
2,cms5hzr64000104l866r5zbw0,cms5i536g002304l7n0vi202e,0.30434782608695654,7
2,cms5hzr64000104l866r5zbw0,cms5ieh9k00wy04l2jkuo7u5i,0.07142857142857142,2
2,cms5hzr64000104l866r5zbw0,cms5jnhm900sn04l243j3kmzd,0.1111111111111111,3
2,cms5hzr64000104l866r5zbw0,cms5jpof300t404l2xesqywv4,0.1111111111111111,3
2,cms5i0htd000404l8l6kmtilt,cms5i0i0l000504l8ulbsjfmz,0.2,5
2,cms5i0htd000404l8l6kmtilt,cms5i0n84000a04l800qcezwm,0.2,5
2,cms5i0htd000404l8l6kmtilt,cms5i0s69000d04l8pqx4e1xz,0.30434782608695654,7
2,cms5i0htd000404l8l6kmtilt,cms5i0xtg000g04l8guihaayb,0.1111111111111111,3
2,cms5i0htd000404l8l6kmtilt,cms5i0ycl000h04l8k13pj7wf,0.36363636363636365,8
2,cms5i0htd000404l8l6kmtilt,cms5i12ba000m04l84zvvwe8a,0.36363636363636365,8
2,cms5i0htd000404l8l6kmtilt,cms5i13fu000n04l8zz761b93,0.36363636363636365,8
2,cms5i0htd000404l8l6kmtilt,cms5i15pl000s04l8ve7f2ny2,0.30434782608695654,7
2,cms5i0htd000404l8l6kmtilt,cms5i16am000u04l82pevy8j7,0.36363636363636365,8
2,cms5i0htd000404l8l6kmtilt,cms5i1705000w04l87z5jgm6s,0.30434782608695654,7
2,cms5i0htd000404l8l6kmtilt,cms5i17d9000z04l8bgrrriw5,0.25,6
2,cms5i0htd000404l8l6kmtilt,cms5i18n7001404l8gd04sbq9,0.07142857142857142,2
2,cms5i0htd000404l8l6kmtilt,cms5i19v2001b04l8b818dzbg,0.25,6
2,cms5i0htd000404l8l6kmtilt,cms5i1ca6001g04l8916s8gz9,0.36363636363636365,8
2,cms5i0htd000404l8l6kmtilt,cms5i1fbl001j04l8vzqcbizv,0.30434782608695654,7
2,cms5i0htd000404l8l6kmtilt,cms5i1gyb001k04l8yjbhgjbm,0.1111111111111111,3
2,cms5i0htd000404l8l6kmtilt,cms5i1q6s001q04l8sp02rweo,0.2,5
2,cms5i0htd000404l8l6kmtilt,cms5i1rru001r04l8qrq0kv2e,0.2,5
2,cms5i0htd000404l8l6kmtilt,cms5i1rxu001s04l83phibj5t,0.25,6
2,cms5i0htd000404l8l6kmtilt,cms5i1sx9000004l7c04yn542,0.1111111111111111,3
2,cms5i0htd000404l8l6kmtilt,cms5i1uwy000304l78n162cig,0.15384615384615385,4
2,cms5i0htd000404l8l6kmtilt,cms5i290v000d04l7ph0uhsaj,0.15384615384615385,4
2,cms5i0htd000404l8l6kmtilt,cms5i2ed9000h04l7qs93woua,0.15384615384615385,4
2,cms5i0htd000404l8l6kmtilt,cms5i2ic6000n04l7d0j6wq97,0.15384615384615385,4
2,cms5i0htd000404l8l6kmtilt,cms5i3a48002b04l8kkccthvp,0.30434782608695654,7
2,cms5i0htd000404l8l6kmtilt,cms5i4obd002r04l8hjv9nfek,0.30434782608695654,7
2,cms5i0htd000404l8l6kmtilt,cms5i536g002304l7n0vi202e,0.30434782608695654,7
2,cms5i0htd000404l8l6kmtilt,cms5ieh9k00wy04l2jkuo7u5i,0.1111111111111111,3
2,cms5i0htd000404l8l6kmtilt,cms5jnhm900sn04l243j3kmzd,0.2,5
2,cms5i0htd000404l8l6kmtilt,cms5jpof300t404l2xesqywv4,0.034482758620689655,1
2,cms5i0i0l000504l8ulbsjfmz,cms5i0n84000a04l800qcezwm,0.15384615384615385,4
2,cms5i0i0l000504l8ulbsjfmz,cms5i0s69000d04l8pqx4e1xz,0.1111111111111111,3
2,cms5i0i0l000504l8ulbsjfmz,cms5i0xtg000g04l8guihaayb,0.07142857142857142,2
2,cms5i0i0l000504l8ulbsjfmz,cms5i0ycl000h04l8k13pj7wf,0.15384615384615385,4
2,cms5i0i0l000504l8ulbsjfmz,cms5i12ba000m04l84zvvwe8a,0.15384615384615385,4
2,cms5i0i0l000504l8ulbsjfmz,cms5i13fu000n04l8zz761b93,0.2,5
2,cms5i0i0l000504l8ulbsjfmz,cms5i15pl000s04l8ve7f2ny2,0.2,5
2,cms5i0i0l000504l8ulbsjfmz,cms5i16am000u04l82pevy8j7,0.25,6
2,cms5i0i0l000504l8ulbsjfmz,cms5i1705000w04l87z5jgm6s,0.1111111111111111,3
2,cms5i0i0l000504l8ulbsjfmz,cms5i17d9000z04l8bgrrriw5,0.15384615384615385,4
2,cms5i0i0l000504l8ulbsjfmz,cms5i18n7001404l8gd04sbq9,0.2,5
2,cms5i0i0l000504l8ulbsjfmz,cms5i19v2001b04l8b818dzbg,0.25,6
2,cms5i0i0l000504l8ulbsjfmz,cms5i1ca6001g04l8916s8gz9,0.25,6
2,cms5i0i0l000504l8ulbsjfmz,cms5i1fbl001j04l8vzqcbizv,0.1111111111111111,3
2,cms5i0i0l000504l8ulbsjfmz,cms5i1gyb001k04l8yjbhgjbm,0.07142857142857142,2
2,cms5i0i0l000504l8ulbsjfmz,cms5i1q6s001q04l8sp02rweo,0.1111111111111111,3
2,cms5i0i0l000504l8ulbsjfmz,cms5i1rru001r04l8qrq0kv2e,0.2,5
2,cms5i0i0l000504l8ulbsjfmz,cms5i1rxu001s04l83phibj5t,0.2,5
2,cms5i0i0l000504l8ulbsjfmz,cms5i1sx9000004l7c04yn542,0.25,6
2,cms5i0i0l000504l8ulbsjfmz,cms5i1uwy000304l78n162cig,0.2,5
2,cms5i0i0l000504l8ulbsjfmz,cms5i290v000d04l7ph0uhsaj,0.1111111111111111,3
2,cms5i0i0l000504l8ulbsjfmz,cms5i2ed9000h04l7qs93woua,0.15384615384615385,4
2,cms5i0i0l000504l8ulbsjfmz,cms5i2ic6000n04l7d0j6wq97,0.2,5
2,cms5i0i0l000504l8ulbsjfmz,cms5i3a48002b04l8kkccthvp,0.25,6
2,cms5i0i0l000504l8ulbsjfmz,cms5i4obd002r04l8hjv9nfek,0.2,5
2,cms5i0i0l000504l8ulbsjfmz,cms5i536g002304l7n0vi202e,0.2,5
2,cms5i0i0l000504l8ulbsjfmz,cms5ieh9k00wy04l2jkuo7u5i,0.15384615384615385,4
2,cms5i0i0l000504l8ulbsjfmz,cms5jnhm900sn04l243j3kmzd,0.07142857142857142,2
2,cms5i0i0l000504l8ulbsjfmz,cms5jpof300t404l2xesqywv4,0.1111111111111111,3
2,cms5i0n84000a04l800qcezwm,cms5i0s69000d04l8pqx4e1xz,0.2,5
2,cms5i0n84000a04l800qcezwm,cms5i0xtg000g04l8guihaayb,0.034482758620689655,1
2,cms5i0n84000a04l800qcezwm,cms5i0ycl000h04l8k13pj7wf,0.25,6
2,cms5i0n84000a04l800qcezwm,cms5i12ba000m04l84zvvwe8a,0.15384615384615385,4
2,cms5i0n84000a04l800qcezwm,cms5i13fu000n04l8zz761b93,0.42857142857142855,9
2,cms5i0n84000a04l800qcezwm,cms5i15pl000s04l8ve7f2ny2,0.2,5
2,cms5i0n84000a04l800qcezwm,cms5i16am000u04l82pevy8j7,0.2,5
2,cms5i0n84000a04l800qcezwm,cms5i1705000w04l87z5jgm6s,0.42857142857142855,9
2,cms5i0n84000a04l800qcezwm,cms5i17d9000z04l8bgrrriw5,0.15384615384615385,4
2,cms5i0n84000a04l800qcezwm,cms5i18n7001404l8gd04sbq9,0.1111111111111111,3
2,cms5i0n84000a04l800qcezwm,cms5i19v2001b04l8b818dzbg,0.25,6
2,cms5i0n84000a04l800qcezwm,cms5i1ca6001g04l8916s8gz9,0.2,5
2,cms5i0n84000a04l800qcezwm,cms5i1fbl001j04l8vzqcbizv,0.2,5
2,cms5i0n84000a04l800qcezwm,cms5i1gyb001k04l8yjbhgjbm,0.2,5
2,cms5i0n84000a04l800qcezwm,cms5i1q6s001q04l8sp02rweo,0.25,6
2,cms5i0n84000a04l800qcezwm,cms5i1rru001r04l8qrq0kv2e,0.15384615384615385,4
2,cms5i0n84000a04l800qcezwm,cms5i1rxu001s04l83phibj5t,0.25,6
2,cms5i0n84000a04l800qcezwm,cms5i1sx9000004l7c04yn542,0.36363636363636365,8
2,cms5i0n84000a04l800qcezwm,cms5i1uwy000304l78n162cig,0.15384615384615385,4
2,cms5i0n84000a04l800qcezwm,cms5i290v000d04l7ph0uhsaj,0.2,5
2,cms5i0n84000a04l800qcezwm,cms5i2ed9000h04l7qs93woua,0.2,5
2,cms5i0n84000a04l800qcezwm,cms5i2ic6000n04l7d0j6wq97,0.15384615384615385,4
2,cms5i0n84000a04l800qcezwm,cms5i3a48002b04l8kkccthvp,0.25,6
2,cms5i0n84000a04l800qcezwm,cms5i4obd002r04l8hjv9nfek,0.25,6
2,cms5i0n84000a04l800qcezwm,cms5i536g002304l7n0vi202e,0.30434782608695654,7
2,cms5i0n84000a04l800qcezwm,cms5ieh9k00wy04l2jkuo7u5i,0.034482758620689655,1
2,cms5i0n84000a04l800qcezwm,cms5jnhm900sn04l243j3kmzd,0.2,5
2,cms5i0n84000a04l800qcezwm,cms5jpof300t404l2xesqywv4,0.07142857142857142,2
2,cms5i0s69000d04l8pqx4e1xz,cms5i0xtg000g04l8guihaayb,0.1111111111111111,3
2,cms5i0s69000d04l8pqx4e1xz,cms5i0ycl000h04l8k13pj7wf,0.25,6
2,cms5i0s69000d04l8pqx4e1xz,cms5i12ba000m04l84zvvwe8a,0.25,6
2,cms5i0s69000d04l8pqx4e1xz,cms5i13fu000n04l8zz761b93,0.30434782608695654,7
2,cms5i0s69000d04l8pqx4e1xz,cms5i15pl000s04l8ve7f2ny2,0.2,5
2,cms5i0s69000d04l8pqx4e1xz,cms5i16am000u04l82pevy8j7,0.07142857142857142,2
2,cms5i0s69000d04l8pqx4e1xz,cms5i1705000w04l87z5jgm6s,0.36363636363636365,8
2,cms5i0s69000d04l8pqx4e1xz,cms5i17d9000z04l8bgrrriw5,0.25,6
2,cms5i0s69000d04l8pqx4e1xz,cms5i18n7001404l8gd04sbq9,0.15384615384615385,4
2,cms5i0s69000d04l8pqx4e1xz,cms5i19v2001b04l8b818dzbg,0.2,5
2,cms5i0s69000d04l8pqx4e1xz,cms5i1ca6001g04l8916s8gz9,0.30434782608695654,7
2,cms5i0s69000d04l8pqx4e1xz,cms5i1fbl001j04l8vzqcbizv,0.36363636363636365,8
2,cms5i0s69000d04l8pqx4e1xz,cms5i1gyb001k04l8yjbhgjbm,0.15384615384615385,4
2,cms5i0s69000d04l8pqx4e1xz,cms5i1q6s001q04l8sp02rweo,0.1111111111111111,3
2,cms5i0s69000d04l8pqx4e1xz,cms5i1rru001r04l8qrq0kv2e,0.25,6
2,cms5i0s69000d04l8pqx4e1xz,cms5i1rxu001s04l83phibj5t,0.15384615384615385,4
2,cms5i0s69000d04l8pqx4e1xz,cms5i1sx9000004l7c04yn542,0.2,5
2,cms5i0s69000d04l8pqx4e1xz,cms5i1uwy000304l78n162cig,0.1111111111111111,3
2,cms5i0s69000d04l8pqx4e1xz,cms5i290v000d04l7ph0uhsaj,0.1111111111111111,3
2,cms5i0s69000d04l8pqx4e1xz,cms5i2ed9000h04l7qs93woua,0.25,6
2,cms5i0s69000d04l8pqx4e1xz,cms5i2ic6000n04l7d0j6wq97,0.1111111111111111,3
2,cms5i0s69000d04l8pqx4e1xz,cms5i3a48002b04l8kkccthvp,0.15384615384615385,4
2,cms5i0s69000d04l8pqx4e1xz,cms5i4obd002r04l8hjv9nfek,0.2,5
2,cms5i0s69000d04l8pqx4e1xz,cms5i536g002304l7n0vi202e,0.25,6
2,cms5i0s69000d04l8pqx4e1xz,cms5ieh9k00wy04l2jkuo7u5i,0.1111111111111111,3
2,cms5i0s69000d04l8pqx4e1xz,cms5jnhm900sn04l243j3kmzd,0.15384615384615385,4
2,cms5i0s69000d04l8pqx4e1xz,cms5jpof300t404l2xesqywv4,0.07142857142857142,2
2,cms5i0xtg000g04l8guihaayb,cms5i0ycl000h04l8k13pj7wf,0.07142857142857142,2
2,cms5i0xtg000g04l8guihaayb,cms5i12ba000m04l84zvvwe8a,0.15384615384615385,4
2,cms5i0xtg000g04l8guihaayb,cms5i13fu000n04l8zz761b93,0.034482758620689655,1
2,cms5i0xtg000g04l8guihaayb,cms5i15pl000s04l8ve7f2ny2,0.1111111111111111,3
2,cms5i0xtg000g04l8guihaayb,cms5i16am000u04l82pevy8j7,0.1111111111111111,3
2,cms5i0xtg000g04l8guihaayb,cms5i1705000w04l87z5jgm6s,0.1111111111111111,3
2,cms5i0xtg000g04l8guihaayb,cms5i17d9000z04l8bgrrriw5,0.07142857142857142,2
2,cms5i0xtg000g04l8guihaayb,cms5i18n7001404l8gd04sbq9,0,0
2,cms5i0xtg000g04l8guihaayb,cms5i19v2001b04l8b818dzbg,0.07142857142857142,2
2,cms5i0xtg000g04l8guihaayb,cms5i1ca6001g04l8916s8gz9,0.07142857142857142,2
2,cms5i0xtg000g04l8guihaayb,cms5i1fbl001j04l8vzqcbizv,0.07142857142857142,2
2,cms5i0xtg000g04l8guihaayb,cms5i1gyb001k04l8yjbhgjbm,0.07142857142857142,2
2,cms5i0xtg000g04l8guihaayb,cms5i1q6s001q04l8sp02rweo,0.034482758620689655,1
2,cms5i0xtg000g04l8guihaayb,cms5i1rru001r04l8qrq0kv2e,0.034482758620689655,1
2,cms5i0xtg000g04l8guihaayb,cms5i1rxu001s04l83phibj5t,0.07142857142857142,2
2,cms5i0xtg000g04l8guihaayb,cms5i1sx9000004l7c04yn542,0.034482758620689655,1
2,cms5i0xtg000g04l8guihaayb,cms5i1uwy000304l78n162cig,0.15384615384615385,4
2,cms5i0xtg000g04l8guihaayb,cms5i290v000d04l7ph0uhsaj,0.07142857142857142,2
2,cms5i0xtg000g04l8guihaayb,cms5i2ed9000h04l7qs93woua,0.15384615384615385,4
2,cms5i0xtg000g04l8guihaayb,cms5i2ic6000n04l7d0j6wq97,0.07142857142857142,2
2,cms5i0xtg000g04l8guihaayb,cms5i3a48002b04l8kkccthvp,0.1111111111111111,3
2,cms5i0xtg000g04l8guihaayb,cms5i4obd002r04l8hjv9nfek,0.1111111111111111,3
2,cms5i0xtg000g04l8guihaayb,cms5i536g002304l7n0vi202e,0.07142857142857142,2
2,cms5i0xtg000g04l8guihaayb,cms5ieh9k00wy04l2jkuo7u5i,0.07142857142857142,2
2,cms5i0xtg000g04l8guihaayb,cms5jnhm900sn04l243j3kmzd,0.1111111111111111,3
2,cms5i0xtg000g04l8guihaayb,cms5jpof300t404l2xesqywv4,0.034482758620689655,1
2,cms5i0ycl000h04l8k13pj7wf,cms5i12ba000m04l84zvvwe8a,0.2,5
2,cms5i0ycl000h04l8k13pj7wf,cms5i13fu000n04l8zz761b93,0.36363636363636365,8
2,cms5i0ycl000h04l8k13pj7wf,cms5i15pl000s04l8ve7f2ny2,0.25,6
2,cms5i0ycl000h04l8k13pj7wf,cms5i16am000u04l82pevy8j7,0.25,6
2,cms5i0ycl000h04l8k13pj7wf,cms5i1705000w04l87z5jgm6s,0.30434782608695654,7
2,cms5i0ycl000h04l8k13pj7wf,cms5i17d9000z04l8bgrrriw5,0.2,5
2,cms5i0ycl000h04l8k13pj7wf,cms5i18n7001404l8gd04sbq9,0.1111111111111111,3
2,cms5i0ycl000h04l8k13pj7wf,cms5i19v2001b04l8b818dzbg,0.25,6
2,cms5i0ycl000h04l8k13pj7wf,cms5i1ca6001g04l8916s8gz9,0.25,6
2,cms5i0ycl000h04l8k13pj7wf,cms5i1fbl001j04l8vzqcbizv,0.25,6
2,cms5i0ycl000h04l8k13pj7wf,cms5i1gyb001k04l8yjbhgjbm,0.2,5
2,cms5i0ycl000h04l8k13pj7wf,cms5i1q6s001q04l8sp02rweo,0.30434782608695654,7
2,cms5i0ycl000h04l8k13pj7wf,cms5i1rru001r04l8qrq0kv2e,0.15384615384615385,4
2,cms5i0ycl000h04l8k13pj7wf,cms5i1rxu001s04l83phibj5t,0.2,5
2,cms5i0ycl000h04l8k13pj7wf,cms5i1sx9000004l7c04yn542,0.2,5
2,cms5i0ycl000h04l8k13pj7wf,cms5i1uwy000304l78n162cig,0.1111111111111111,3
2,cms5i0ycl000h04l8k13pj7wf,cms5i290v000d04l7ph0uhsaj,0.2,5
2,cms5i0ycl000h04l8k13pj7wf,cms5i2ed9000h04l7qs93woua,0.25,6
2,cms5i0ycl000h04l8k13pj7wf,cms5i2ic6000n04l7d0j6wq97,0.07142857142857142,2
2,cms5i0ycl000h04l8k13pj7wf,cms5i3a48002b04l8kkccthvp,0.25,6
2,cms5i0ycl000h04l8k13pj7wf,cms5i4obd002r04l8hjv9nfek,0.2,5
2,cms5i0ycl000h04l8k13pj7wf,cms5i536g002304l7n0vi202e,0.30434782608695654,7
2,cms5i0ycl000h04l8k13pj7wf,cms5ieh9k00wy04l2jkuo7u5i,0.034482758620689655,1
2,cms5i0ycl000h04l8k13pj7wf,cms5jnhm900sn04l243j3kmzd,0.2,5
2,cms5i0ycl000h04l8k13pj7wf,cms5jpof300t404l2xesqywv4,0.07142857142857142,2
2,cms5i12ba000m04l84zvvwe8a,cms5i13fu000n04l8zz761b93,0.25,6
2,cms5i12ba000m04l84zvvwe8a,cms5i15pl000s04l8ve7f2ny2,0.1111111111111111,3
2,cms5i12ba000m04l84zvvwe8a,cms5i16am000u04l82pevy8j7,0.2,5
2,cms5i12ba000m04l84zvvwe8a,cms5i1705000w04l87z5jgm6s,0.36363636363636365,8
2,cms5i12ba000m04l84zvvwe8a,cms5i17d9000z04l8bgrrriw5,0.1111111111111111,3
2,cms5i12ba000m04l84zvvwe8a,cms5i18n7001404l8gd04sbq9,0.07142857142857142,2
2,cms5i12ba000m04l84zvvwe8a,cms5i19v2001b04l8b818dzbg,0.2,5
2,cms5i12ba000m04l84zvvwe8a,cms5i1ca6001g04l8916s8gz9,0.30434782608695654,7
2,cms5i12ba000m04l84zvvwe8a,cms5i1fbl001j04l8vzqcbizv,0.25,6
2,cms5i12ba000m04l84zvvwe8a,cms5i1gyb001k04l8yjbhgjbm,0.15384615384615385,4
2,cms5i12ba000m04l84zvvwe8a,cms5i1q6s001q04l8sp02rweo,0.2,5
2,cms5i12ba000m04l84zvvwe8a,cms5i1rru001r04l8qrq0kv2e,0.25,6
2,cms5i12ba000m04l84zvvwe8a,cms5i1rxu001s04l83phibj5t,0.30434782608695654,7
2,cms5i12ba000m04l84zvvwe8a,cms5i1sx9000004l7c04yn542,0.25,6
2,cms5i12ba000m04l84zvvwe8a,cms5i1uwy000304l78n162cig,0.1111111111111111,3
2,cms5i12ba000m04l84zvvwe8a,cms5i290v000d04l7ph0uhsaj,0.2,5
2,cms5i12ba000m04l84zvvwe8a,cms5i2ed9000h04l7qs93woua,0.2,5
2,cms5i12ba000m04l84zvvwe8a,cms5i2ic6000n04l7d0j6wq97,0.15384615384615385,4
2,cms5i12ba000m04l84zvvwe8a,cms5i3a48002b04l8kkccthvp,0.30434782608695654,7
2,cms5i12ba000m04l84zvvwe8a,cms5i4obd002r04l8hjv9nfek,0.2,5
2,cms5i12ba000m04l84zvvwe8a,cms5i536g002304l7n0vi202e,0.2,5
2,cms5i12ba000m04l84zvvwe8a,cms5ieh9k00wy04l2jkuo7u5i,0.07142857142857142,2
2,cms5i12ba000m04l84zvvwe8a,cms5jnhm900sn04l243j3kmzd,0.1111111111111111,3
2,cms5i12ba000m04l84zvvwe8a,cms5jpof300t404l2xesqywv4,0.07142857142857142,2
2,cms5i13fu000n04l8zz761b93,cms5i15pl000s04l8ve7f2ny2,0.2,5
2,cms5i13fu000n04l8zz761b93,cms5i16am000u04l82pevy8j7,0.2,5
2,cms5i13fu000n04l8zz761b93,cms5i1705000w04l87z5jgm6s,0.5,10
2,cms5i13fu000n04l8zz761b93,cms5i17d9000z04l8bgrrriw5,0.25,6
2,cms5i13fu000n04l8zz761b93,cms5i18n7001404l8gd04sbq9,0.2,5
2,cms5i13fu000n04l8zz761b93,cms5i19v2001b04l8b818dzbg,0.42857142857142855,9
2,cms5i13fu000n04l8zz761b93,cms5i1ca6001g04l8916s8gz9,0.42857142857142855,9
2,cms5i13fu000n04l8zz761b93,cms5i1fbl001j04l8vzqcbizv,0.42857142857142855,9
2,cms5i13fu000n04l8zz761b93,cms5i1gyb001k04l8yjbhgjbm,0.15384615384615385,4
2,cms5i13fu000n04l8zz761b93,cms5i1q6s001q04l8sp02rweo,0.30434782608695654,7
2,cms5i13fu000n04l8zz761b93,cms5i1rru001r04l8qrq0kv2e,0.25,6
2,cms5i13fu000n04l8zz761b93,cms5i1rxu001s04l83phibj5t,0.36363636363636365,8
2,cms5i13fu000n04l8zz761b93,cms5i1sx9000004l7c04yn542,0.30434782608695654,7
2,cms5i13fu000n04l8zz761b93,cms5i1uwy000304l78n162cig,0.15384615384615385,4
2,cms5i13fu000n04l8zz761b93,cms5i290v000d04l7ph0uhsaj,0.2,5
2,cms5i13fu000n04l8zz761b93,cms5i2ed9000h04l7qs93woua,0.2,5
2,cms5i13fu000n04l8zz761b93,cms5i2ic6000n04l7d0j6wq97,0.2,5
2,cms5i13fu000n04l8zz761b93,cms5i3a48002b04l8kkccthvp,0.30434782608695654,7
2,cms5i13fu000n04l8zz761b93,cms5i4obd002r04l8hjv9nfek,0.5,10
2,cms5i13fu000n04l8zz761b93,cms5i536g002304l7n0vi202e,0.42857142857142855,9
2,cms5i13fu000n04l8zz761b93,cms5ieh9k00wy04l2jkuo7u5i,0.07142857142857142,2
2,cms5i13fu000n04l8zz761b93,cms5jnhm900sn04l243j3kmzd,0.15384615384615385,4
2,cms5i13fu000n04l8zz761b93,cms5jpof300t404l2xesqywv4,0.07142857142857142,2
2,cms5i15pl000s04l8ve7f2ny2,cms5i16am000u04l82pevy8j7,0.2,5
2,cms5i15pl000s04l8ve7f2ny2,cms5i1705000w04l87z5jgm6s,0.2,5
2,cms5i15pl000s04l8ve7f2ny2,cms5i17d9000z04l8bgrrriw5,0.15384615384615385,4
2,cms5i15pl000s04l8ve7f2ny2,cms5i18n7001404l8gd04sbq9,0.1111111111111111,3
2,cms5i15pl000s04l8ve7f2ny2,cms5i19v2001b04l8b818dzbg,0.2,5
2,cms5i15pl000s04l8ve7f2ny2,cms5i1ca6001g04l8916s8gz9,0.25,6
2,cms5i15pl000s04l8ve7f2ny2,cms5i1fbl001j04l8vzqcbizv,0.25,6
2,cms5i15pl000s04l8ve7f2ny2,cms5i1gyb001k04l8yjbhgjbm,0.1111111111111111,3
2,cms5i15pl000s04l8ve7f2ny2,cms5i1q6s001q04l8sp02rweo,0.1111111111111111,3
2,cms5i15pl000s04l8ve7f2ny2,cms5i1rru001r04l8qrq0kv2e,0.1111111111111111,3
2,cms5i15pl000s04l8ve7f2ny2,cms5i1rxu001s04l83phibj5t,0.25,6
2,cms5i15pl000s04l8ve7f2ny2,cms5i1sx9000004l7c04yn542,0.07142857142857142,2
2,cms5i15pl000s04l8ve7f2ny2,cms5i1uwy000304l78n162cig,0.25,6
2,cms5i15pl000s04l8ve7f2ny2,cms5i290v000d04l7ph0uhsaj,0.2,5
2,cms5i15pl000s04l8ve7f2ny2,cms5i2ed9000h04l7qs93woua,0.2,5
2,cms5i15pl000s04l8ve7f2ny2,cms5i2ic6000n04l7d0j6wq97,0.1111111111111111,3
2,cms5i15pl000s04l8ve7f2ny2,cms5i3a48002b04l8kkccthvp,0.15384615384615385,4
2,cms5i15pl000s04l8ve7f2ny2,cms5i4obd002r04l8hjv9nfek,0.15384615384615385,4
2,cms5i15pl000s04l8ve7f2ny2,cms5i536g002304l7n0vi202e,0.25,6
2,cms5i15pl000s04l8ve7f2ny2,cms5ieh9k00wy04l2jkuo7u5i,0.1111111111111111,3
2,cms5i15pl000s04l8ve7f2ny2,cms5jnhm900sn04l243j3kmzd,0.1111111111111111,3
2,cms5i15pl000s04l8ve7f2ny2,cms5jpof300t404l2xesqywv4,0.034482758620689655,1
2,cms5i16am000u04l82pevy8j7,cms5i1705000w04l87z5jgm6s,0.15384615384615385,4
2,cms5i16am000u04l82pevy8j7,cms5i17d9000z04l8bgrrriw5,0.25,6
2,cms5i16am000u04l82pevy8j7,cms5i18n7001404l8gd04sbq9,0.15384615384615385,4
2,cms5i16am000u04l82pevy8j7,cms5i19v2001b04l8b818dzbg,0.25,6
2,cms5i16am000u04l82pevy8j7,cms5i1ca6001g04l8916s8gz9,0.2,5
2,cms5i16am000u04l82pevy8j7,cms5i1fbl001j04l8vzqcbizv,0.25,6
2,cms5i16am000u04l82pevy8j7,cms5i1gyb001k04l8yjbhgjbm,0.15384615384615385,4
2,cms5i16am000u04l82pevy8j7,cms5i1q6s001q04l8sp02rweo,0.25,6
2,cms5i16am000u04l82pevy8j7,cms5i1rru001r04l8qrq0kv2e,0.15384615384615385,4
2,cms5i16am000u04l82pevy8j7,cms5i1rxu001s04l83phibj5t,0.25,6
2,cms5i16am000u04l82pevy8j7,cms5i1sx9000004l7c04yn542,0.2,5
2,cms5i16am000u04l82pevy8j7,cms5i1uwy000304l78n162cig,0.15384615384615385,4
2,cms5i16am000u04l82pevy8j7,cms5i290v000d04l7ph0uhsaj,0.1111111111111111,3
2,cms5i16am000u04l82pevy8j7,cms5i2ed9000h04l7qs93woua,0.2,5
2,cms5i16am000u04l82pevy8j7,cms5i2ic6000n04l7d0j6wq97,0.15384615384615385,4
2,cms5i16am000u04l82pevy8j7,cms5i3a48002b04l8kkccthvp,0.42857142857142855,9
2,cms5i16am000u04l82pevy8j7,cms5i4obd002r04l8hjv9nfek,0.2,5
2,cms5i16am000u04l82pevy8j7,cms5i536g002304l7n0vi202e,0.2,5
2,cms5i16am000u04l82pevy8j7,cms5ieh9k00wy04l2jkuo7u5i,0.07142857142857142,2
2,cms5i16am000u04l82pevy8j7,cms5jnhm900sn04l243j3kmzd,0.15384615384615385,4
2,cms5i16am000u04l82pevy8j7,cms5jpof300t404l2xesqywv4,0.034482758620689655,1
2,cms5i1705000w04l87z5jgm6s,cms5i17d9000z04l8bgrrriw5,0.2,5
2,cms5i1705000w04l87z5jgm6s,cms5i18n7001404l8gd04sbq9,0.1111111111111111,3
2,cms5i1705000w04l87z5jgm6s,cms5i19v2001b04l8b818dzbg,0.30434782608695654,7
2,cms5i1705000w04l87z5jgm6s,cms5i1ca6001g04l8916s8gz9,0.36363636363636365,8
2,cms5i1705000w04l87z5jgm6s,cms5i1fbl001j04l8vzqcbizv,0.30434782608695654,7
2,cms5i1705000w04l87z5jgm6s,cms5i1gyb001k04l8yjbhgjbm,0.15384615384615385,4
2,cms5i1705000w04l87z5jgm6s,cms5i1q6s001q04l8sp02rweo,0.2,5
2,cms5i1705000w04l87z5jgm6s,cms5i1rru001r04l8qrq0kv2e,0.25,6
2,cms5i1705000w04l87z5jgm6s,cms5i1rxu001s04l83phibj5t,0.36363636363636365,8
2,cms5i1705000w04l87z5jgm6s,cms5i1sx9000004l7c04yn542,0.30434782608695654,7
2,cms5i1705000w04l87z5jgm6s,cms5i1uwy000304l78n162cig,0.15384615384615385,4
2,cms5i1705000w04l87z5jgm6s,cms5i290v000d04l7ph0uhsaj,0.15384615384615385,4
2,cms5i1705000w04l87z5jgm6s,cms5i2ed9000h04l7qs93woua,0.25,6
2,cms5i1705000w04l87z5jgm6s,cms5i2ic6000n04l7d0j6wq97,0.2,5
2,cms5i1705000w04l87z5jgm6s,cms5i3a48002b04l8kkccthvp,0.2,5
2,cms5i1705000w04l87z5jgm6s,cms5i4obd002r04l8hjv9nfek,0.30434782608695654,7
2,cms5i1705000w04l87z5jgm6s,cms5i536g002304l7n0vi202e,0.42857142857142855,9
2,cms5i1705000w04l87z5jgm6s,cms5ieh9k00wy04l2jkuo7u5i,0.07142857142857142,2
2,cms5i1705000w04l87z5jgm6s,cms5jnhm900sn04l243j3kmzd,0.15384615384615385,4
2,cms5i1705000w04l87z5jgm6s,cms5jpof300t404l2xesqywv4,0.1111111111111111,3
2,cms5i17d9000z04l8bgrrriw5,cms5i18n7001404l8gd04sbq9,0.25,6
2,cms5i17d9000z04l8bgrrriw5,cms5i19v2001b04l8b818dzbg,0.2,5
2,cms5i17d9000z04l8bgrrriw5,cms5i1ca6001g04l8916s8gz9,0.25,6
2,cms5i17d9000z04l8bgrrriw5,cms5i1fbl001j04l8vzqcbizv,0.30434782608695654,7
2,cms5i17d9000z04l8bgrrriw5,cms5i1gyb001k04l8yjbhgjbm,0.07142857142857142,2
2,cms5i17d9000z04l8bgrrriw5,cms5i1q6s001q04l8sp02rweo,0.1111111111111111,3
2,cms5i17d9000z04l8bgrrriw5,cms5i1rru001r04l8qrq0kv2e,0.25,6
2,cms5i17d9000z04l8bgrrriw5,cms5i1rxu001s04l83phibj5t,0.2,5
2,cms5i17d9000z04l8bgrrriw5,cms5i1sx9000004l7c04yn542,0.15384615384615385,4
2,cms5i17d9000z04l8bgrrriw5,cms5i1uwy000304l78n162cig,0,0
2,cms5i17d9000z04l8bgrrriw5,cms5i290v000d04l7ph0uhsaj,0.15384615384615385,4
2,cms5i17d9000z04l8bgrrriw5,cms5i2ed9000h04l7qs93woua,0.1111111111111111,3
2,cms5i17d9000z04l8bgrrriw5,cms5i2ic6000n04l7d0j6wq97,0.07142857142857142,2
2,cms5i17d9000z04l8bgrrriw5,cms5i3a48002b04l8kkccthvp,0.2,5
2,cms5i17d9000z04l8bgrrriw5,cms5i4obd002r04l8hjv9nfek,0.15384615384615385,4
2,cms5i17d9000z04l8bgrrriw5,cms5i536g002304l7n0vi202e,0.25,6
2,cms5i17d9000z04l8bgrrriw5,cms5ieh9k00wy04l2jkuo7u5i,0.07142857142857142,2
2,cms5i17d9000z04l8bgrrriw5,cms5jnhm900sn04l243j3kmzd,0.15384615384615385,4
2,cms5i17d9000z04l8bgrrriw5,cms5jpof300t404l2xesqywv4,0,0
2,cms5i18n7001404l8gd04sbq9,cms5i19v2001b04l8b818dzbg,0.2,5
2,cms5i18n7001404l8gd04sbq9,cms5i1ca6001g04l8916s8gz9,0.2,5
2,cms5i18n7001404l8gd04sbq9,cms5i1fbl001j04l8vzqcbizv,0.15384615384615385,4
2,cms5i18n7001404l8gd04sbq9,cms5i1gyb001k04l8yjbhgjbm,0.07142857142857142,2
2,cms5i18n7001404l8gd04sbq9,cms5i1q6s001q04l8sp02rweo,0.15384615384615385,4
2,cms5i18n7001404l8gd04sbq9,cms5i1rru001r04l8qrq0kv2e,0.15384615384615385,4
2,cms5i18n7001404l8gd04sbq9,cms5i1rxu001s04l83phibj5t,0.15384615384615385,4
2,cms5i18n7001404l8gd04sbq9,cms5i1sx9000004l7c04yn542,0.15384615384615385,4
2,cms5i18n7001404l8gd04sbq9,cms5i1uwy000304l78n162cig,0,0
2,cms5i18n7001404l8gd04sbq9,cms5i290v000d04l7ph0uhsaj,0.1111111111111111,3
2,cms5i18n7001404l8gd04sbq9,cms5i2ed9000h04l7qs93woua,0.1111111111111111,3
2,cms5i18n7001404l8gd04sbq9,cms5i2ic6000n04l7d0j6wq97,0.1111111111111111,3
2,cms5i18n7001404l8gd04sbq9,cms5i3a48002b04l8kkccthvp,0.15384615384615385,4
2,cms5i18n7001404l8gd04sbq9,cms5i4obd002r04l8hjv9nfek,0.15384615384615385,4
2,cms5i18n7001404l8gd04sbq9,cms5i536g002304l7n0vi202e,0.25,6
2,cms5i18n7001404l8gd04sbq9,cms5ieh9k00wy04l2jkuo7u5i,0.07142857142857142,2
2,cms5i18n7001404l8gd04sbq9,cms5jnhm900sn04l243j3kmzd,0.034482758620689655,1
2,cms5i18n7001404l8gd04sbq9,cms5jpof300t404l2xesqywv4,0.15384615384615385,4
2,cms5i19v2001b04l8b818dzbg,cms5i1ca6001g04l8916s8gz9,0.42857142857142855,9
2,cms5i19v2001b04l8b818dzbg,cms5i1fbl001j04l8vzqcbizv,0.25,6
2,cms5i19v2001b04l8b818dzbg,cms5i1gyb001k04l8yjbhgjbm,0.034482758620689655,1
2,cms5i19v2001b04l8b818dzbg,cms5i1q6s001q04l8sp02rweo,0.36363636363636365,8
2,cms5i19v2001b04l8b818dzbg,cms5i1rru001r04l8qrq0kv2e,0.15384615384615385,4
2,cms5i19v2001b04l8b818dzbg,cms5i1rxu001s04l83phibj5t,0.30434782608695654,7
2,cms5i19v2001b04l8b818dzbg,cms5i1sx9000004l7c04yn542,0.36363636363636365,8
2,cms5i19v2001b04l8b818dzbg,cms5i1uwy000304l78n162cig,0.1111111111111111,3
2,cms5i19v2001b04l8b818dzbg,cms5i290v000d04l7ph0uhsaj,0.25,6
2,cms5i19v2001b04l8b818dzbg,cms5i2ed9000h04l7qs93woua,0.25,6
2,cms5i19v2001b04l8b818dzbg,cms5i2ic6000n04l7d0j6wq97,0.15384615384615385,4
2,cms5i19v2001b04l8b818dzbg,cms5i3a48002b04l8kkccthvp,0.30434782608695654,7
2,cms5i19v2001b04l8b818dzbg,cms5i4obd002r04l8hjv9nfek,0.36363636363636365,8
2,cms5i19v2001b04l8b818dzbg,cms5i536g002304l7n0vi202e,0.36363636363636365,8
2,cms5i19v2001b04l8b818dzbg,cms5ieh9k00wy04l2jkuo7u5i,0.07142857142857142,2
2,cms5i19v2001b04l8b818dzbg,cms5jnhm900sn04l243j3kmzd,0.034482758620689655,1
2,cms5i19v2001b04l8b818dzbg,cms5jpof300t404l2xesqywv4,0.1111111111111111,3
2,cms5i1ca6001g04l8916s8gz9,cms5i1fbl001j04l8vzqcbizv,0.30434782608695654,7
2,cms5i1ca6001g04l8916s8gz9,cms5i1gyb001k04l8yjbhgjbm,0.1111111111111111,3
2,cms5i1ca6001g04l8916s8gz9,cms5i1q6s001q04l8sp02rweo,0.36363636363636365,8
2,cms5i1ca6001g04l8916s8gz9,cms5i1rru001r04l8qrq0kv2e,0.30434782608695654,7
2,cms5i1ca6001g04l8916s8gz9,cms5i1rxu001s04l83phibj5t,0.30434782608695654,7
2,cms5i1ca6001g04l8916s8gz9,cms5i1sx9000004l7c04yn542,0.25,6
2,cms5i1ca6001g04l8916s8gz9,cms5i1uwy000304l78n162cig,0.15384615384615385,4
2,cms5i1ca6001g04l8916s8gz9,cms5i290v000d04l7ph0uhsaj,0.25,6
2,cms5i1ca6001g04l8916s8gz9,cms5i2ed9000h04l7qs93woua,0.25,6
2,cms5i1ca6001g04l8916s8gz9,cms5i2ic6000n04l7d0j6wq97,0.25,6
2,cms5i1ca6001g04l8916s8gz9,cms5i3a48002b04l8kkccthvp,0.2,5
2,cms5i1ca6001g04l8916s8gz9,cms5i4obd002r04l8hjv9nfek,0.25,6
2,cms5i1ca6001g04l8916s8gz9,cms5i536g002304l7n0vi202e,0.42857142857142855,9
2,cms5i1ca6001g04l8916s8gz9,cms5ieh9k00wy04l2jkuo7u5i,0.07142857142857142,2
2,cms5i1ca6001g04l8916s8gz9,cms5jnhm900sn04l243j3kmzd,0.2,5
2,cms5i1ca6001g04l8916s8gz9,cms5jpof300t404l2xesqywv4,0.1111111111111111,3
2,cms5i1fbl001j04l8vzqcbizv,cms5i1gyb001k04l8yjbhgjbm,0.1111111111111111,3
2,cms5i1fbl001j04l8vzqcbizv,cms5i1q6s001q04l8sp02rweo,0.2,5
2,cms5i1fbl001j04l8vzqcbizv,cms5i1rru001r04l8qrq0kv2e,0.25,6
2,cms5i1fbl001j04l8vzqcbizv,cms5i1rxu001s04l83phibj5t,0.36363636363636365,8
2,cms5i1fbl001j04l8vzqcbizv,cms5i1sx9000004l7c04yn542,0.2,5
2,cms5i1fbl001j04l8vzqcbizv,cms5i1uwy000304l78n162cig,0.2,5
2,cms5i1fbl001j04l8vzqcbizv,cms5i290v000d04l7ph0uhsaj,0.25,6
2,cms5i1fbl001j04l8vzqcbizv,cms5i2ed9000h04l7qs93woua,0.2,5
2,cms5i1fbl001j04l8vzqcbizv,cms5i2ic6000n04l7d0j6wq97,0.1111111111111111,3
2,cms5i1fbl001j04l8vzqcbizv,cms5i3a48002b04l8kkccthvp,0.2,5
2,cms5i1fbl001j04l8vzqcbizv,cms5i4obd002r04l8hjv9nfek,0.25,6
2,cms5i1fbl001j04l8vzqcbizv,cms5i536g002304l7n0vi202e,0.30434782608695654,7
2,cms5i1fbl001j04l8vzqcbizv,cms5ieh9k00wy04l2jkuo7u5i,0.07142857142857142,2
2,cms5i1fbl001j04l8vzqcbizv,cms5jnhm900sn04l243j3kmzd,0.2,5
2,cms5i1fbl001j04l8vzqcbizv,cms5jpof300t404l2xesqywv4,0.07142857142857142,2
2,cms5i1gyb001k04l8yjbhgjbm,cms5i1q6s001q04l8sp02rweo,0.2,5
2,cms5i1gyb001k04l8yjbhgjbm,cms5i1rru001r04l8qrq0kv2e,0.15384615384615385,4
2,cms5i1gyb001k04l8yjbhgjbm,cms5i1rxu001s04l83phibj5t,0.1111111111111111,3
2,cms5i1gyb001k04l8yjbhgjbm,cms5i1sx9000004l7c04yn542,0.15384615384615385,4
2,cms5i1gyb001k04l8yjbhgjbm,cms5i1uwy000304l78n162cig,0.15384615384615385,4
2,cms5i1gyb001k04l8yjbhgjbm,cms5i290v000d04l7ph0uhsaj,0.1111111111111111,3
2,cms5i1gyb001k04l8yjbhgjbm,cms5i2ed9000h04l7qs93woua,0.15384615384615385,4
2,cms5i1gyb001k04l8yjbhgjbm,cms5i2ic6000n04l7d0j6wq97,0.15384615384615385,4
2,cms5i1gyb001k04l8yjbhgjbm,cms5i3a48002b04l8kkccthvp,0.1111111111111111,3
2,cms5i1gyb001k04l8yjbhgjbm,cms5i4obd002r04l8hjv9nfek,0.07142857142857142,2
2,cms5i1gyb001k04l8yjbhgjbm,cms5i536g002304l7n0vi202e,0.07142857142857142,2
2,cms5i1gyb001k04l8yjbhgjbm,cms5ieh9k00wy04l2jkuo7u5i,0.034482758620689655,1
2,cms5i1gyb001k04l8yjbhgjbm,cms5jnhm900sn04l243j3kmzd,0.25,6
2,cms5i1gyb001k04l8yjbhgjbm,cms5jpof300t404l2xesqywv4,0.1111111111111111,3
2,cms5i1q6s001q04l8sp02rweo,cms5i1rru001r04l8qrq0kv2e,0.2,5
2,cms5i1q6s001q04l8sp02rweo,cms5i1rxu001s04l83phibj5t,0.2,5
2,cms5i1q6s001q04l8sp02rweo,cms5i1sx9000004l7c04yn542,0.30434782608695654,7
2,cms5i1q6s001q04l8sp02rweo,cms5i1uwy000304l78n162cig,0.2,5
2,cms5i1q6s001q04l8sp02rweo,cms5i290v000d04l7ph0uhsaj,0.15384615384615385,4
2,cms5i1q6s001q04l8sp02rweo,cms5i2ed9000h04l7qs93woua,0.2,5
2,cms5i1q6s001q04l8sp02rweo,cms5i2ic6000n04l7d0j6wq97,0.30434782608695654,7
2,cms5i1q6s001q04l8sp02rweo,cms5i3a48002b04l8kkccthvp,0.25,6
2,cms5i1q6s001q04l8sp02rweo,cms5i4obd002r04l8hjv9nfek,0.15384615384615385,4
2,cms5i1q6s001q04l8sp02rweo,cms5i536g002304l7n0vi202e,0.25,6
2,cms5i1q6s001q04l8sp02rweo,cms5ieh9k00wy04l2jkuo7u5i,0.07142857142857142,2
2,cms5i1q6s001q04l8sp02rweo,cms5jnhm900sn04l243j3kmzd,0.15384615384615385,4
2,cms5i1q6s001q04l8sp02rweo,cms5jpof300t404l2xesqywv4,0.15384615384615385,4
2,cms5i1rru001r04l8qrq0kv2e,cms5i1rxu001s04l83phibj5t,0.5789473684210527,11
2,cms5i1rru001r04l8qrq0kv2e,cms5i1sx9000004l7c04yn542,0.25,6
2,cms5i1rru001r04l8qrq0kv2e,cms5i1uwy000304l78n162cig,0.07142857142857142,2
2,cms5i1rru001r04l8qrq0kv2e,cms5i290v000d04l7ph0uhsaj,0.15384615384615385,4
2,cms5i1rru001r04l8qrq0kv2e,cms5i2ed9000h04l7qs93woua,0.1111111111111111,3
2,cms5i1rru001r04l8qrq0kv2e,cms5i2ic6000n04l7d0j6wq97,0.36363636363636365,8
2,cms5i1rru001r04l8qrq0kv2e,cms5i3a48002b04l8kkccthvp,0.25,6
2,cms5i1rru001r04l8qrq0kv2e,cms5i4obd002r04l8hjv9nfek,0.15384615384615385,4
2,cms5i1rru001r04l8qrq0kv2e,cms5i536g002304l7n0vi202e,0.25,6
2,cms5i1rru001r04l8qrq0kv2e,cms5ieh9k00wy04l2jkuo7u5i,0.07142857142857142,2
2,cms5i1rru001r04l8qrq0kv2e,cms5jnhm900sn04l243j3kmzd,0.25,6
2,cms5i1rru001r04l8qrq0kv2e,cms5jpof300t404l2xesqywv4,0.1111111111111111,3
2,cms5i1rxu001s04l83phibj5t,cms5i1sx9000004l7c04yn542,0.25,6
2,cms5i1rxu001s04l83phibj5t,cms5i1uwy000304l78n162cig,0.1111111111111111,3
2,cms5i1rxu001s04l83phibj5t,cms5i290v000d04l7ph0uhsaj,0.2,5
2,cms5i1rxu001s04l83phibj5t,cms5i2ed9000h04l7qs93woua,0.1111111111111111,3
2,cms5i1rxu001s04l83phibj5t,cms5i2ic6000n04l7d0j6wq97,0.25,6
2,cms5i1rxu001s04l83phibj5t,cms5i3a48002b04l8kkccthvp,0.30434782608695654,7
2,cms5i1rxu001s04l83phibj5t,cms5i4obd002r04l8hjv9nfek,0.25,6
2,cms5i1rxu001s04l83phibj5t,cms5i536g002304l7n0vi202e,0.36363636363636365,8
2,cms5i1rxu001s04l83phibj5t,cms5ieh9k00wy04l2jkuo7u5i,0.07142857142857142,2
2,cms5i1rxu001s04l83phibj5t,cms5jnhm900sn04l243j3kmzd,0.2,5
2,cms5i1rxu001s04l83phibj5t,cms5jpof300t404l2xesqywv4,0.1111111111111111,3
2,cms5i1sx9000004l7c04yn542,cms5i1uwy000304l78n162cig,0.2,5
2,cms5i1sx9000004l7c04yn542,cms5i290v000d04l7ph0uhsaj,0.15384615384615385,4
2,cms5i1sx9000004l7c04yn542,cms5i2ed9000h04l7qs93woua,0.2,5
2,cms5i1sx9000004l7c04yn542,cms5i2ic6000n04l7d0j6wq97,0.15384615384615385,4
2,cms5i1sx9000004l7c04yn542,cms5i3a48002b04l8kkccthvp,0.25,6
2,cms5i1sx9000004l7c04yn542,cms5i4obd002r04l8hjv9nfek,0.2,5
2,cms5i1sx9000004l7c04yn542,cms5i536g002304l7n0vi202e,0.25,6
2,cms5i1sx9000004l7c04yn542,cms5ieh9k00wy04l2jkuo7u5i,0.034482758620689655,1
2,cms5i1sx9000004l7c04yn542,cms5jnhm900sn04l243j3kmzd,0.15384615384615385,4
2,cms5i1sx9000004l7c04yn542,cms5jpof300t404l2xesqywv4,0.15384615384615385,4
2,cms5i1uwy000304l78n162cig,cms5i290v000d04l7ph0uhsaj,0.15384615384615385,4
2,cms5i1uwy000304l78n162cig,cms5i2ed9000h04l7qs93woua,0.15384615384615385,4
2,cms5i1uwy000304l78n162cig,cms5i2ic6000n04l7d0j6wq97,0.2,5
2,cms5i1uwy000304l78n162cig,cms5i3a48002b04l8kkccthvp,0.1111111111111111,3
2,cms5i1uwy000304l78n162cig,cms5i4obd002r04l8hjv9nfek,0.07142857142857142,2
2,cms5i1uwy000304l78n162cig,cms5i536g002304l7n0vi202e,0.07142857142857142,2
2,cms5i1uwy000304l78n162cig,cms5ieh9k00wy04l2jkuo7u5i,0.1111111111111111,3
2,cms5i1uwy000304l78n162cig,cms5jnhm900sn04l243j3kmzd,0.15384615384615385,4
2,cms5i1uwy000304l78n162cig,cms5jpof300t404l2xesqywv4,0.15384615384615385,4
2,cms5i290v000d04l7ph0uhsaj,cms5i2ed9000h04l7qs93woua,0.1111111111111111,3
2,cms5i290v000d04l7ph0uhsaj,cms5i2ic6000n04l7d0j6wq97,0.1111111111111111,3
2,cms5i290v000d04l7ph0uhsaj,cms5i3a48002b04l8kkccthvp,0.1111111111111111,3
2,cms5i290v000d04l7ph0uhsaj,cms5i4obd002r04l8hjv9nfek,0.15384615384615385,4
2,cms5i290v000d04l7ph0uhsaj,cms5i536g002304l7n0vi202e,0.1111111111111111,3
2,cms5i290v000d04l7ph0uhsaj,cms5ieh9k00wy04l2jkuo7u5i,0,0
2,cms5i290v000d04l7ph0uhsaj,cms5jnhm900sn04l243j3kmzd,0.2,5
2,cms5i290v000d04l7ph0uhsaj,cms5jpof300t404l2xesqywv4,0.1111111111111111,3
2,cms5i2ed9000h04l7qs93woua,cms5i2ic6000n04l7d0j6wq97,0.15384615384615385,4
2,cms5i2ed9000h04l7qs93woua,cms5i3a48002b04l8kkccthvp,0.2,5
2,cms5i2ed9000h04l7qs93woua,cms5i4obd002r04l8hjv9nfek,0.15384615384615385,4
2,cms5i2ed9000h04l7qs93woua,cms5i536g002304l7n0vi202e,0.15384615384615385,4
2,cms5i2ed9000h04l7qs93woua,cms5ieh9k00wy04l2jkuo7u5i,0.07142857142857142,2
2,cms5i2ed9000h04l7qs93woua,cms5jnhm900sn04l243j3kmzd,0.034482758620689655,1
2,cms5i2ed9000h04l7qs93woua,cms5jpof300t404l2xesqywv4,0.1111111111111111,3
2,cms5i2ic6000n04l7d0j6wq97,cms5i3a48002b04l8kkccthvp,0.15384615384615385,4
2,cms5i2ic6000n04l7d0j6wq97,cms5i4obd002r04l8hjv9nfek,0.1111111111111111,3
2,cms5i2ic6000n04l7d0j6wq97,cms5i536g002304l7n0vi202e,0.15384615384615385,4
2,cms5i2ic6000n04l7d0j6wq97,cms5ieh9k00wy04l2jkuo7u5i,0.2,5
2,cms5i2ic6000n04l7d0j6wq97,cms5jnhm900sn04l243j3kmzd,0.15384615384615385,4
2,cms5i2ic6000n04l7d0j6wq97,cms5jpof300t404l2xesqywv4,0.15384615384615385,4
2,cms5i3a48002b04l8kkccthvp,cms5i4obd002r04l8hjv9nfek,0.36363636363636365,8
2,cms5i3a48002b04l8kkccthvp,cms5i536g002304l7n0vi202e,0.25,6
2,cms5i3a48002b04l8kkccthvp,cms5ieh9k00wy04l2jkuo7u5i,0.07142857142857142,2
2,cms5i3a48002b04l8kkccthvp,cms5jnhm900sn04l243j3kmzd,0.07142857142857142,2
2,cms5i3a48002b04l8kkccthvp,cms5jpof300t404l2xesqywv4,0.034482758620689655,1
2,cms5i4obd002r04l8hjv9nfek,cms5i536g002304l7n0vi202e,0.30434782608695654,7
2,cms5i4obd002r04l8hjv9nfek,cms5ieh9k00wy04l2jkuo7u5i,0.07142857142857142,2
2,cms5i4obd002r04l8hjv9nfek,cms5jnhm900sn04l243j3kmzd,0.07142857142857142,2
2,cms5i4obd002r04l8hjv9nfek,cms5jpof300t404l2xesqywv4,0.07142857142857142,2
2,cms5i536g002304l7n0vi202e,cms5ieh9k00wy04l2jkuo7u5i,0.1111111111111111,3
2,cms5i536g002304l7n0vi202e,cms5jnhm900sn04l243j3kmzd,0.15384615384615385,4
2,cms5i536g002304l7n0vi202e,cms5jpof300t404l2xesqywv4,0.07142857142857142,2
2,cms5ieh9k00wy04l2jkuo7u5i,cms5jnhm900sn04l243j3kmzd,0,0
2,cms5ieh9k00wy04l2jkuo7u5i,cms5jpof300t404l2xesqywv4,0.15384615384615385,4
2,cms5jnhm900sn04l243j3kmzd,cms5jpof300t404l2xesqywv4,0.07142857142857142,2
